sample_id,plant,year,plot,nitrogen,sample_date,soil_type,nitrogen_rate
1001,C,2018,P3,N300,20180425,rhizosphere,N300
1002,C,2018,P3,N300,20180425,rhizosphere,N300
1003,C,2018,P3,N300,20180425,rhizosphere,N300
1004,C,2018,P4,N0,20180425,rhizosphere,N0
1005,C,2018,P4,N0,20180425,rhizosphere,N0
1006,C,2018,P4,N0,20180425,rhizosphere,N0
1007,C,2018,P5,N200,20180425,rhizosphere,N200
1008,C,2018,P5,N200,20180425,rhizosphere,N200
1009,C,2018,P5,N200,20180425,rhizosphere,N200
1010,C,2018,P6,N300,20180425,rhizosphere,N300
1011,C,2018,P6,N300,20180425,rhizosphere,N300
1012,C,2018,P6,N300,20180425,rhizosphere,N300
1013,C,2018,P7,N0,20180425,rhizosphere,N0
1014,C,2018,P7,N0,20180425,rhizosphere,N0
1015,C,2018,P7,N0,20180425,rhizosphere,N0
1016,C,2018,P9,N200,20180425,rhizosphere,N200
1017,C,2018,P9,N200,20180425,rhizosphere,N200
1018,C,2018,P9,N200,20180425,rhizosphere,N200
1019,C,2018,P12,N200,20180425,rhizosphere,N200
1020,C,2018,P12,N200,20180425,rhizosphere,N200
1021,C,2018,P12,N200,20180425,rhizosphere,N200
1022,C,2018,P13,N300,20180425,rhizosphere,N300
1023,C,2018,P13,N300,20180425,rhizosphere,N300
1024,C,2018,P13,N300,20180425,rhizosphere,N300
1025,C,2018,P14,N0,20180425,rhizosphere,N0
1026,C,2018,P14,N0,20180425,rhizosphere,N0
1027,C,2018,P14,N0,20180425,rhizosphere,N0
1028,M,2015,P3,N400,20180425,rhizosphere,N400
1029,M,2015,P3,N400,20180425,rhizosphere,N400
1030,M,2015,P3,N400,20180425,rhizosphere,N400
1031,M,2015,P4,N0,20180425,rhizosphere,N0
1032,M,2015,P4,N0,20180425,rhizosphere,N0
1033,M,2015,P4,N0,20180425,rhizosphere,N0
1034,M,2015,P5,N200,20180425,rhizosphere,N200
1035,M,2015,P5,N200,20180425,rhizosphere,N200
1036,M,2015,P5,N200,20180425,rhizosphere,N200
1037,M,2016,P6,N400,20180425,rhizosphere,N400
1038,M,2016,P6,N400,20180425,rhizosphere,N400
1039,M,2016,P6,N400,20180425,rhizosphere,N400
1040,M,2016,P7,N0,20180425,rhizosphere,N0
1041,M,2016,P7,N0,20180425,rhizosphere,N0
1042,M,2016,P7,N0,20180425,rhizosphere,N0
1043,M,2016,P9,N200,20180425,rhizosphere,N200
1044,M,2016,P9,N200,20180425,rhizosphere,N200
1045,M,2016,P9,N200,20180425,rhizosphere,N200
1046,M,2017,P12,N200,20180425,rhizosphere,N200
1047,M,2017,P12,N200,20180425,rhizosphere,N200
1048,M,2017,P12,N200,20180425,rhizosphere,N200
1049,M,2017,P13,N400,20180425,rhizosphere,N400
1050,M,2017,P13,N400,20180425,rhizosphere,N400
1051,M,2017,P13,N400,20180425,rhizosphere,N400
1052,M,2017,P14,N0,20180425,rhizosphere,N0
1053,M,2017,P14,N0,20180425,rhizosphere,N0
1054,M,2017,P14,N0,20180425,rhizosphere,N0
1055,M,2016,P17,N400,20180425,rhizosphere,N400
1056,M,2016,P17,N400,20180425,rhizosphere,N400
1057,M,2016,P17,N400,20180425,rhizosphere,N400
1058,M,2016,P18,N200,20180425,rhizosphere,N200
1059,M,2016,P18,N200,20180425,rhizosphere,N200
1060,M,2016,P18,N200,20180425,rhizosphere,N200
1061,M,2016,P19,N0,20180425,rhizosphere,N0
1062,M,2016,P19,N0,20180425,rhizosphere,N0
1063,M,2016,P19,N0,20180425,rhizosphere,N0
1064,M,2017,P22,N400,20180425,rhizosphere,N400
1065,M,2017,P22,N400,20180425,rhizosphere,N400
1066,M,2017,P22,N400,20180425,rhizosphere,N400
1067,M,2017,P24,N0,20180425,rhizosphere,N0
1068,M,2017,P24,N0,20180425,rhizosphere,N0
1069,M,2017,P24,N0,20180425,rhizosphere,N0
1070,M,2017,P25,N200,20180425,rhizosphere,N200
1071,M,2017,P25,N200,20180425,rhizosphere,N200
1072,M,2017,P25,N200,20180425,rhizosphere,N200
1073,M,2015,P27,N400,20180425,rhizosphere,N400
1074,M,2015,P27,N400,20180425,rhizosphere,N400
1075,M,2015,P27,N400,20180425,rhizosphere,N400
1076,M,2015,P28,N0,20180425,rhizosphere,N0
1077,M,2015,P28,N0,20180425,rhizosphere,N0
1078,M,2015,P28,N0,20180425,rhizosphere,N0
1079,M,2015,P30,N200,20180425,rhizosphere,N200
1080,M,2015,P30,N200,20180425,rhizosphere,N200
1081,M,2015,P30,N200,20180425,rhizosphere,N200
1082,M,2017,P33,N200,20180425,rhizosphere,N200
1083,M,2017,P33,N200,20180425,rhizosphere,N200
1084,M,2017,P33,N200,20180425,rhizosphere,N200
1085,M,2017,P34,N400,20180425,rhizosphere,N400
1086,M,2017,P34,N400,20180425,rhizosphere,N400
1087,M,2017,P34,N400,20180425,rhizosphere,N400
1088,M,2017,P35,N0,20180425,rhizosphere,N0
1089,M,2017,P35,N0,20180425,rhizosphere,N0
1090,M,2017,P35,N0,20180425,rhizosphere,N0
1091,M,2016,P37,N400,20180425,rhizosphere,N400
1092,M,2016,P37,N400,20180425,rhizosphere,N400
1094,M,2016,P39,N0,20180425,rhizosphere,N0
1095,M,2016,P39,N0,20180425,rhizosphere,N0
1096,M,2016,P39,N0,20180425,rhizosphere,N0
1097,M,2016,P40,N200,20180425,rhizosphere,N200
1098,M,2016,P40,N200,20180425,rhizosphere,N200
1099,M,2016,P40,N200,20180425,rhizosphere,N200
1100,M,2015,P43,N200,20180425,rhizosphere,N200
1101,M,2015,P43,N200,20180425,rhizosphere,N200
1102,M,2015,P43,N200,20180425,rhizosphere,N200
1103,M,2015,P44,N0,20180425,rhizosphere,N0
1104,M,2015,P44,N0,20180425,rhizosphere,N0
1105,M,2015,P44,N0,20180425,rhizosphere,N0
1106,M,2015,P45,N400,20180425,rhizosphere,N400
1107,M,2015,P45,N400,20180425,rhizosphere,N400
1108,M,2015,P45,N400,20180425,rhizosphere,N400
1109,C,2018,P33,N200,20180425,rhizosphere,N200
1110,C,2018,P33,N200,20180425,rhizosphere,N200
1111,C,2018,P33,N200,20180425,rhizosphere,N200
1112,C,2018,P34,N300,20180425,rhizosphere,N300
1113,C,2018,P34,N300,20180425,rhizosphere,N300
1114,C,2018,P34,N300,20180425,rhizosphere,N300
1115,C,2018,P35,N0,20180425,rhizosphere,N0
1116,C,2018,P35,N0,20180425,rhizosphere,N0
1117,C,2018,P35,N0,20180425,rhizosphere,N0
1118,C,2018,P37,N300,20180425,rhizosphere,N300
1119,C,2018,P37,N300,20180425,rhizosphere,N300
1120,C,2018,P37,N300,20180425,rhizosphere,N300
1121,C,2018,P39,N0,20180425,rhizosphere,N0
1122,C,2018,P39,N0,20180425,rhizosphere,N0
1123,C,2018,P39,N0,20180425,rhizosphere,N0
1124,C,2018,P40,N200,20180425,rhizosphere,N200
1125,C,2018,P40,N200,20180425,rhizosphere,N200
1126,C,2018,P40,N200,20180425,rhizosphere,N200
1127,C,2018,P43,N200,20180425,rhizosphere,N200
1128,C,2018,P43,N200,20180425,rhizosphere,N200
1129,C,2018,P43,N200,20180425,rhizosphere,N200
1130,C,2018,P44,N0,20180425,rhizosphere,N0
1131,C,2018,P44,N0,20180425,rhizosphere,N0
1132,C,2018,P44,N0,20180425,rhizosphere,N0
1133,C,2018,P45,N300,20180425,rhizosphere,N300
1134,C,2018,P45,N300,20180425,rhizosphere,N300
1135,C,2018,P45,N300,20180425,rhizosphere,N300
1136,M,2017,P46,N0,20180425,rhizosphere,N0
1137,M,2017,P46,N0,20180425,rhizosphere,N0
1138,M,2017,P46,N0,20180425,rhizosphere,N0
1139,M,2017,P48,N400,20180425,rhizosphere,N400
1140,M,2017,P48,N400,20180425,rhizosphere,N400
1141,M,2017,P48,N400,20180425,rhizosphere,N400
1142,M,2017,P50,N200,20180425,rhizosphere,N200
1143,M,2017,P50,N200,20180425,rhizosphere,N200
1144,M,2017,P50,N200,20180425,rhizosphere,N200
1145,M,2015,P53,N400,20180425,rhizosphere,N400
1146,M,2015,P53,N400,20180425,rhizosphere,N400
1147,M,2015,P53,N400,20180425,rhizosphere,N400
1148,M,2015,P54,N200,20180425,rhizosphere,N200
1149,M,2015,P54,N200,20180425,rhizosphere,N200
1150,M,2015,P54,N200,20180425,rhizosphere,N200
1151,M,2015,P55,N0,20180425,rhizosphere,N0
1152,M,2015,P55,N0,20180425,rhizosphere,N0
1153,M,2015,P55,N0,20180425,rhizosphere,N0
1154,M,2016,P56,N0,20180425,rhizosphere,N0
1155,M,2016,P56,N0,20180425,rhizosphere,N0
1156,M,2016,P56,N0,20180425,rhizosphere,N0
1157,M,2016,P58,N400,20180425,rhizosphere,N400
1158,M,2016,P58,N400,20180425,rhizosphere,N400
1159,M,2016,P58,N400,20180425,rhizosphere,N400
1160,M,2016,P60,N200,20180425,rhizosphere,N200
1161,M,2016,P60,N200,20180425,rhizosphere,N200
1162,M,2016,P60,N200,20180425,rhizosphere,N200
1093,M,2016,P37,N400,20180425,rhizosphere,N400
2001,C,2018,P3,N300,20180429,rhizosphere,N300
2002,C,2018,P3,N300,20180429,rhizosphere,N300
2004,C,2018,P4,N0,20180429,rhizosphere,N0
2005,C,2018,P4,N0,20180429,rhizosphere,N0
2006,C,2018,P4,N0,20180429,rhizosphere,N0
2007,C,2018,P5,N200,20180429,rhizosphere,N200
2008,C,2018,P5,N200,20180429,rhizosphere,N200
2009,C,2018,P5,N200,20180429,rhizosphere,N200
2010,C,2018,P6,N300,20180429,rhizosphere,N300
2011,C,2018,P6,N300,20180429,rhizosphere,N300
2012,C,2018,P6,N300,20180429,rhizosphere,N300
2013,C,2018,P7,N0,20180429,rhizosphere,N0
2014,C,2018,P7,N0,20180429,rhizosphere,N0
2015,C,2018,P7,N0,20180429,rhizosphere,N0
2016,C,2018,P9,N200,20180429,rhizosphere,N200
2017,C,2018,P9,N200,20180429,rhizosphere,N200
2018,C,2018,P9,N200,20180429,rhizosphere,N200
2019,C,2018,P12,N200,20180429,rhizosphere,N200
2020,C,2018,P12,N200,20180429,rhizosphere,N200
2021,C,2018,P12,N200,20180429,rhizosphere,N200
2022,C,2018,P13,N300,20180429,rhizosphere,N300
2024,C,2018,P13,N300,20180429,rhizosphere,N300
2025,C,2018,P14,N0,20180429,rhizosphere,N0
2026,C,2018,P14,N0,20180429,rhizosphere,N0
2027,C,2018,P14,N0,20180429,rhizosphere,N0
2028,M,2015,P3,N400,20180429,rhizosphere,N400
2029,M,2015,P3,N400,20180429,rhizosphere,N400
2030,M,2015,P3,N400,20180429,rhizosphere,N400
2031,M,2015,P4,N0,20180429,rhizosphere,N0
2032,M,2015,P4,N0,20180429,rhizosphere,N0
2033,M,2015,P4,N0,20180429,rhizosphere,N0
2034,M,2015,P5,N200,20180429,rhizosphere,N200
2035,M,2015,P5,N200,20180429,rhizosphere,N200
2036,M,2015,P5,N200,20180429,rhizosphere,N200
2037,M,2016,P6,N400,20180429,rhizosphere,N400
2038,M,2016,P6,N400,20180429,rhizosphere,N400
2039,M,2016,P6,N400,20180429,rhizosphere,N400
2040,M,2016,P7,N0,20180429,rhizosphere,N0
2041,M,2016,P7,N0,20180429,rhizosphere,N0
2042,M,2016,P7,N0,20180429,rhizosphere,N0
2043,M,2016,P9,N200,20180429,rhizosphere,N200
2044,M,2016,P9,N200,20180429,rhizosphere,N200
2045,M,2016,P9,N200,20180429,rhizosphere,N200
2046,M,2017,P12,N200,20180429,rhizosphere,N200
2047,M,2017,P12,N200,20180429,rhizosphere,N200
2048,M,2017,P12,N200,20180429,rhizosphere,N200
2049,M,2017,P13,N400,20180429,rhizosphere,N400
2050,M,2017,P13,N400,20180429,rhizosphere,N400
2051,M,2017,P13,N400,20180429,rhizosphere,N400
2052,M,2017,P14,N0,20180429,rhizosphere,N0
2053,M,2017,P14,N0,20180429,rhizosphere,N0
2054,M,2017,P14,N0,20180429,rhizosphere,N0
2055,M,2016,P17,N400,20180429,rhizosphere,N400
2056,M,2016,P17,N400,20180429,rhizosphere,N400
2057,M,2016,P17,N400,20180429,rhizosphere,N400
2059,M,2016,P18,N200,20180429,rhizosphere,N200
2060,M,2016,P18,N200,20180429,rhizosphere,N200
2061,M,2016,P19,N0,20180429,rhizosphere,N0
2062,M,2016,P19,N0,20180429,rhizosphere,N0
2063,M,2016,P19,N0,20180429,rhizosphere,N0
2064,M,2017,P22,N400,20180429,rhizosphere,N400
2065,M,2017,P22,N400,20180429,rhizosphere,N400
2066,M,2017,P22,N400,20180429,rhizosphere,N400
2067,M,2017,P24,N0,20180429,rhizosphere,N0
2068,M,2017,P24,N0,20180429,rhizosphere,N0
2069,M,2017,P24,N0,20180429,rhizosphere,N0
2070,M,2017,P25,N200,20180429,rhizosphere,N200
2071,M,2017,P25,N200,20180429,rhizosphere,N200
2072,M,2017,P25,N200,20180429,rhizosphere,N200
2073,M,2015,P27,N400,20180429,rhizosphere,N400
2074,M,2015,P27,N400,20180429,rhizosphere,N400
2075,M,2015,P27,N400,20180429,rhizosphere,N400
2076,M,2015,P28,N0,20180429,rhizosphere,N0
2077,M,2015,P28,N0,20180429,rhizosphere,N0
2078,M,2015,P28,N0,20180429,rhizosphere,N0
2079,M,2015,P30,N200,20180429,rhizosphere,N200
2080,M,2015,P30,N200,20180429,rhizosphere,N200
2081,M,2015,P30,N200,20180429,rhizosphere,N200
2082,M,2017,P33,N200,20180429,rhizosphere,N200
2083,M,2017,P33,N200,20180429,rhizosphere,N200
2084,M,2017,P33,N200,20180429,rhizosphere,N200
2085,M,2017,P34,N400,20180429,rhizosphere,N400
2086,M,2017,P34,N400,20180429,rhizosphere,N400
2087,M,2017,P34,N400,20180429,rhizosphere,N400
2088,M,2017,P35,N0,20180429,rhizosphere,N0
2089,M,2017,P35,N0,20180429,rhizosphere,N0
2090,M,2017,P35,N0,20180429,rhizosphere,N0
2091,M,2016,P37,N400,20180429,rhizosphere,N400
2092,M,2016,P37,N400,20180429,rhizosphere,N400
2094,M,2016,P39,N0,20180429,rhizosphere,N0
2095,M,2016,P39,N0,20180429,rhizosphere,N0
2096,M,2016,P39,N0,20180429,rhizosphere,N0
2097,M,2016,P40,N200,20180429,rhizosphere,N200
2098,M,2016,P40,N200,20180429,rhizosphere,N200
2099,M,2016,P40,N200,20180429,rhizosphere,N200
2100,M,2015,P43,N200,20180429,rhizosphere,N200
2101,M,2015,P43,N200,20180429,rhizosphere,N200
2102,M,2015,P43,N200,20180429,rhizosphere,N200
2103,M,2015,P44,N0,20180429,rhizosphere,N0
2104,M,2015,P44,N0,20180429,rhizosphere,N0
2105,M,2015,P44,N0,20180429,rhizosphere,N0
2106,M,2015,P45,N400,20180429,rhizosphere,N400
2107,M,2015,P45,N400,20180429,rhizosphere,N400
2108,M,2015,P45,N400,20180429,rhizosphere,N400
2109,C,2018,P33,N200,20180429,rhizosphere,N200
2110,C,2018,P33,N200,20180429,rhizosphere,N200
2111,C,2018,P33,N200,20180429,rhizosphere,N200
2112,C,2018,P34,N300,20180429,rhizosphere,N300
2113,C,2018,P34,N300,20180429,rhizosphere,N300
2114,C,2018,P34,N300,20180429,rhizosphere,N300
2116,C,2018,P35,N0,20180429,rhizosphere,N0
2117,C,2018,P35,N0,20180429,rhizosphere,N0
2118,C,2018,P37,N300,20180429,rhizosphere,N300
2120,C,2018,P37,N300,20180429,rhizosphere,N300
2121,C,2018,P39,N0,20180429,rhizosphere,N0
2122,C,2018,P39,N0,20180429,rhizosphere,N0
2123,C,2018,P39,N0,20180429,rhizosphere,N0
2124,C,2018,P40,N200,20180429,rhizosphere,N200
2125,C,2018,P40,N200,20180429,rhizosphere,N200
2126,C,2018,P40,N200,20180429,rhizosphere,N200
2127,C,2018,P43,N200,20180429,rhizosphere,N200
2128,C,2018,P43,N200,20180429,rhizosphere,N200
2129,C,2018,P43,N200,20180429,rhizosphere,N200
2130,C,2018,P44,N0,20180429,rhizosphere,N0
2131,C,2018,P44,N0,20180429,rhizosphere,N0
2132,C,2018,P44,N0,20180429,rhizosphere,N0
2133,C,2018,P45,N300,20180429,rhizosphere,N300
2134,C,2018,P45,N300,20180429,rhizosphere,N300
2135,C,2018,P45,N300,20180429,rhizosphere,N300
2136,M,2017,P46,N0,20180429,rhizosphere,N0
2137,M,2017,P46,N0,20180429,rhizosphere,N0
2138,M,2017,P46,N0,20180429,rhizosphere,N0
2139,M,2017,P48,N400,20180429,rhizosphere,N400
2140,M,2017,P48,N400,20180429,rhizosphere,N400
2141,M,2017,P48,N400,20180429,rhizosphere,N400
2142,M,2017,P50,N200,20180429,rhizosphere,N200
2143,M,2017,P50,N200,20180429,rhizosphere,N200
2144,M,2017,P50,N200,20180429,rhizosphere,N200
2145,M,2015,P53,N400,20180429,rhizosphere,N400
2146,M,2015,P53,N400,20180429,rhizosphere,N400
2147,M,2015,P53,N400,20180429,rhizosphere,N400
2148,M,2015,P54,N200,20180429,rhizosphere,N200
2149,M,2015,P54,N200,20180429,rhizosphere,N200
2150,M,2015,P54,N200,20180429,rhizosphere,N200
2151,M,2015,P55,N0,20180429,rhizosphere,N0
2152,M,2015,P55,N0,20180429,rhizosphere,N0
2153,M,2015,P55,N0,20180429,rhizosphere,N0
2154,M,2016,P56,N0,20180429,rhizosphere,N0
2155,M,2016,P56,N0,20180429,rhizosphere,N0
2156,M,2016,P56,N0,20180429,rhizosphere,N0
2157,M,2016,P58,N400,20180429,rhizosphere,N400
2158,M,2016,P58,N400,20180429,rhizosphere,N400
2159,M,2016,P58,N400,20180429,rhizosphere,N400
2160,M,2016,P60,N200,20180429,rhizosphere,N200
2161,M,2016,P60,N200,20180429,rhizosphere,N200
2162,M,2016,P60,N200,20180429,rhizosphere,N200
2163,C,2018,P14,N0,20180429,bulk,N0
2164,C,2018,P13,N300,20180429,bulk,N300
2165,C,2018,P12,N200,20180429,bulk,N200
2166,M,2017,P14,N0,20180429,bulk,N0
2167,M,2017,P13,N400,20180429,bulk,N400
2168,M,2017,P12,N200,20180429,bulk,N200
2169,M,2016,P7,N0,20180429,bulk,N0
2170,M,2016,P6,N400,20180429,bulk,N400
2171,M,2016,P9,N200,20180429,bulk,N200
2172,M,2015,P4,N0,20180429,bulk,N0
2173,M,2015,P3,N400,20180429,bulk,N400
2174,M,2015,P5,N200,20180429,bulk,N200
2003,C,2018,P3,N300,20180429,rhizosphere,N300
2023,C,2018,P13,N300,20180429,rhizosphere,N300
2058,M,2016,P18,N200,20180429,rhizosphere,N200
2093,M,2016,P37,N400,20180429,rhizosphere,N400
2115,C,2018,P35,N0,20180429,rhizosphere,N0
2119,C,2018,P37,N300,20180429,rhizosphere,N300
3001,C,2018,P3,N300,20180514,rhizosphere,N300
3002,C,2018,P3,N300,20180514,rhizosphere,N300
3003,C,2018,P4,N0,20180514,rhizosphere,N0
3004,C,2018,P4,N0,20180514,rhizosphere,N0
3005,C,2018,P5,N200,20180514,rhizosphere,N200
3006,C,2018,P5,N200,20180514,rhizosphere,N200
3007,C,2018,P6,N300,20180514,rhizosphere,N300
3008,C,2018,P6,N300,20180514,rhizosphere,N300
3009,C,2018,P7,N0,20180514,rhizosphere,N0
3010,C,2018,P7,N0,20180514,rhizosphere,N0
3011,C,2018,P9,N200,20180514,rhizosphere,N200
3012,C,2018,P9,N200,20180514,rhizosphere,N200
3013,C,2018,P12,N200,20180514,rhizosphere,N200
3014,C,2018,P12,N200,20180514,rhizosphere,N200
3015,C,2018,P13,N300,20180514,rhizosphere,N300
3016,C,2018,P13,N300,20180514,rhizosphere,N300
3017,C,2018,P14,N0,20180514,rhizosphere,N0
3018,C,2018,P14,N0,20180514,rhizosphere,N0
3019,M,2015,P3,N400,20180514,rhizosphere,N400
3020,M,2015,P3,N400,20180514,rhizosphere,N400
3021,M,2015,P4,N0,20180514,rhizosphere,N0
3022,M,2015,P4,N0,20180514,rhizosphere,N0
3023,M,2015,P5,N200,20180514,rhizosphere,N200
3024,M,2015,P5,N200,20180514,rhizosphere,N200
3025,M,2016,P6,N400,20180514,rhizosphere,N400
3026,M,2016,P6,N400,20180514,rhizosphere,N400
3027,M,2016,P7,N0,20180514,rhizosphere,N0
3028,M,2016,P7,N0,20180514,rhizosphere,N0
3029,M,2016,P9,N200,20180514,rhizosphere,N200
3030,M,2016,P9,N200,20180514,rhizosphere,N200
3031,M,2017,P12,N200,20180514,rhizosphere,N200
3032,M,2017,P12,N200,20180514,rhizosphere,N200
3033,M,2017,P13,N400,20180514,rhizosphere,N400
3034,M,2017,P13,N400,20180514,rhizosphere,N400
3035,M,2017,P14,N0,20180514,rhizosphere,N0
3036,M,2017,P14,N0,20180514,rhizosphere,N0
3037,M,2016,P17,N400,20180514,rhizosphere,N400
3038,M,2016,P17,N400,20180514,rhizosphere,N400
3039,M,2016,P18,N200,20180514,rhizosphere,N200
3040,M,2016,P18,N200,20180514,rhizosphere,N200
3041,M,2016,P19,N0,20180514,rhizosphere,N0
3042,M,2016,P19,N0,20180514,rhizosphere,N0
3043,M,2017,P22,N400,20180514,rhizosphere,N400
3044,M,2017,P22,N400,20180514,rhizosphere,N400
3045,M,2017,P24,N0,20180514,rhizosphere,N0
3046,M,2017,P24,N0,20180514,rhizosphere,N0
3047,M,2017,P25,N200,20180514,rhizosphere,N200
3048,M,2017,P25,N200,20180514,rhizosphere,N200
3049,M,2015,P27,N400,20180514,rhizosphere,N400
3050,M,2015,P27,N400,20180514,rhizosphere,N400
3051,M,2015,P28,N0,20180514,rhizosphere,N0
3052,M,2015,P28,N0,20180514,rhizosphere,N0
3053,M,2015,P30,N200,20180514,rhizosphere,N200
3054,M,2015,P30,N200,20180514,rhizosphere,N200
3055,M,2017,P33,N200,20180514,rhizosphere,N200
3056,M,2017,P33,N200,20180514,rhizosphere,N200
3057,M,2017,P34,N400,20180514,rhizosphere,N400
3058,M,2017,P34,N400,20180514,rhizosphere,N400
3059,M,2017,P35,N0,20180514,rhizosphere,N0
3060,M,2017,P35,N0,20180514,rhizosphere,N0
3061,M,2016,P37,N400,20180514,rhizosphere,N400
3062,M,2016,P37,N400,20180514,rhizosphere,N400
3063,M,2016,P39,N0,20180514,rhizosphere,N0
3064,M,2016,P39,N0,20180514,rhizosphere,N0
3065,M,2016,P40,N200,20180514,rhizosphere,N200
3066,M,2016,P40,N200,20180514,rhizosphere,N200
3067,M,2015,P43,N200,20180514,rhizosphere,N200
3068,M,2015,P43,N200,20180514,rhizosphere,N200
3069,M,2015,P44,N0,20180514,rhizosphere,N0
3070,M,2015,P44,N0,20180514,rhizosphere,N0
3071,M,2015,P45,N400,20180514,rhizosphere,N400
3072,M,2015,P45,N400,20180514,rhizosphere,N400
3073,C,2018,P33,N200,20180514,rhizosphere,N200
3074,C,2018,P33,N200,20180514,rhizosphere,N200
3075,C,2018,P34,N300,20180514,rhizosphere,N300
3076,C,2018,P34,N300,20180514,rhizosphere,N300
3077,C,2018,P35,N0,20180514,rhizosphere,N0
3078,C,2018,P35,N0,20180514,rhizosphere,N0
3079,C,2018,P37,N300,20180514,rhizosphere,N300
3080,C,2018,P37,N300,20180514,rhizosphere,N300
3081,C,2018,P39,N0,20180514,rhizosphere,N0
3082,C,2018,P39,N0,20180514,rhizosphere,N0
3083,C,2018,P40,N200,20180514,rhizosphere,N200
3084,C,2018,P40,N200,20180514,rhizosphere,N200
3085,C,2018,P43,N200,20180514,rhizosphere,N200
3086,C,2018,P43,N200,20180514,rhizosphere,N200
3087,C,2018,P44,N0,20180514,rhizosphere,N0
3088,C,2018,P44,N0,20180514,rhizosphere,N0
3089,C,2018,P45,N300,20180514,rhizosphere,N300
3090,C,2018,P45,N300,20180514,rhizosphere,N300
3091,M,2017,P46,N0,20180514,rhizosphere,N0
3092,M,2017,P46,N0,20180514,rhizosphere,N0
3093,M,2017,P48,N400,20180514,rhizosphere,N400
3094,M,2017,P48,N400,20180514,rhizosphere,N400
3095,M,2017,P50,N200,20180514,rhizosphere,N200
3096,M,2017,P50,N200,20180514,rhizosphere,N200
3097,M,2015,P53,N400,20180514,rhizosphere,N400
3098,M,2015,P53,N400,20180514,rhizosphere,N400
3099,M,2015,P54,N200,20180514,rhizosphere,N200
3100,M,2015,P54,N200,20180514,rhizosphere,N200
3101,M,2015,P55,N0,20180514,rhizosphere,N0
3102,M,2015,P55,N0,20180514,rhizosphere,N0
3103,M,2016,P56,N0,20180514,rhizosphere,N0
3104,M,2016,P56,N0,20180514,rhizosphere,N0
3105,M,2016,P58,N400,20180514,rhizosphere,N400
3106,M,2016,P58,N400,20180514,rhizosphere,N400
3107,M,2016,P60,N200,20180514,rhizosphere,N200
3108,M,2016,P60,N200,20180514,rhizosphere,N200
3109,C,2018,P14,N0,20180514,bulk,N0
3110,C,2018,P13,N300,20180514,bulk,N300
3111,C,2018,P12,N200,20180514,bulk,N200
3112,M,2017,P14,N0,20180514,bulk,N0
3113,M,2017,P13,N400,20180514,bulk,N400
3114,M,2017,P12,N200,20180514,bulk,N200
3115,M,2016,P7,N0,20180514,bulk,N0
3116,M,2016,P6,N400,20180514,bulk,N400
3117,M,2016,P9,N200,20180514,bulk,N200
3118,M,2015,P4,N0,20180514,bulk,N0
3119,M,2015,P3,N400,20180514,bulk,N400
3120,M,2015,P5,N200,20180514,bulk,N200
4001,C,2018,P3,N300,20180530,rhizosphere,N300
4002,C,2018,P3,N300,20180530,rhizosphere,N300
4003,C,2018,P4,N0,20180530,rhizosphere,N0
4004,C,2018,P4,N0,20180530,rhizosphere,N0
4005,C,2018,P5,N200,20180530,rhizosphere,N200
4006,C,2018,P5,N200,20180530,rhizosphere,N200
4007,C,2018,P6,N300,20180530,rhizosphere,N300
4008,C,2018,P6,N300,20180530,rhizosphere,N300
4009,C,2018,P7,N0,20180530,rhizosphere,N0
4010,C,2018,P7,N0,20180530,rhizosphere,N0
4011,C,2018,P9,N200,20180530,rhizosphere,N200
4012,C,2018,P9,N200,20180530,rhizosphere,N200
4013,C,2018,P12,N200,20180530,rhizosphere,N200
4014,C,2018,P12,N200,20180530,rhizosphere,N200
4015,C,2018,P13,N300,20180530,rhizosphere,N300
4016,C,2018,P13,N300,20180530,rhizosphere,N300
4017,C,2018,P14,N0,20180530,rhizosphere,N0
4018,C,2018,P14,N0,20180530,rhizosphere,N0
4019,M,2015,P3,N400,20180530,rhizosphere,N400
4020,M,2015,P3,N400,20180530,rhizosphere,N400
4021,M,2015,P4,N0,20180530,rhizosphere,N0
4022,M,2015,P4,N0,20180530,rhizosphere,N0
4023,M,2015,P5,N200,20180530,rhizosphere,N200
4024,M,2015,P5,N200,20180530,rhizosphere,N200
4025,M,2016,P6,N400,20180530,rhizosphere,N400
4026,M,2016,P6,N400,20180530,rhizosphere,N400
4027,M,2016,P7,N0,20180530,rhizosphere,N0
4028,M,2016,P7,N0,20180530,rhizosphere,N0
4029,M,2016,P9,N200,20180530,rhizosphere,N200
4030,M,2016,P9,N200,20180530,rhizosphere,N200
4031,M,2017,P12,N200,20180530,rhizosphere,N200
4032,M,2017,P12,N200,20180530,rhizosphere,N200
4033,M,2017,P13,N400,20180530,rhizosphere,N400
4034,M,2017,P13,N400,20180530,rhizosphere,N400
4035,M,2017,P14,N0,20180530,rhizosphere,N0
4036,M,2017,P14,N0,20180530,rhizosphere,N0
4037,M,2016,P17,N400,20180530,rhizosphere,N400
4038,M,2016,P17,N400,20180530,rhizosphere,N400
4039,M,2016,P18,N200,20180530,rhizosphere,N200
4040,M,2016,P18,N200,20180530,rhizosphere,N200
4041,M,2016,P19,N0,20180530,rhizosphere,N0
4042,M,2016,P19,N0,20180530,rhizosphere,N0
4043,M,2017,P22,N400,20180530,rhizosphere,N400
4044,M,2017,P22,N400,20180530,rhizosphere,N400
4045,M,2017,P24,N0,20180530,rhizosphere,N0
4046,M,2017,P24,N0,20180530,rhizosphere,N0
4047,M,2017,P25,N200,20180530,rhizosphere,N200
4048,M,2017,P25,N200,20180530,rhizosphere,N200
4049,M,2015,P27,N400,20180530,rhizosphere,N400
4050,M,2015,P27,N400,20180530,rhizosphere,N400
4051,M,2015,P28,N0,20180530,rhizosphere,N0
4052,M,2015,P28,N0,20180530,rhizosphere,N0
4053,M,2015,P30,N200,20180530,rhizosphere,N200
4054,M,2015,P30,N200,20180530,rhizosphere,N200
4055,M,2017,P33,N200,20180530,rhizosphere,N200
4056,M,2017,P33,N200,20180530,rhizosphere,N200
4057,M,2017,P34,N400,20180530,rhizosphere,N400
4058,M,2017,P34,N400,20180530,rhizosphere,N400
4059,M,2017,P35,N0,20180530,rhizosphere,N0
4060,M,2017,P35,N0,20180530,rhizosphere,N0
4061,M,2016,P37,N400,20180530,rhizosphere,N400
4062,M,2016,P37,N400,20180530,rhizosphere,N400
4063,M,2016,P39,N0,20180530,rhizosphere,N0
4064,M,2016,P39,N0,20180530,rhizosphere,N0
4065,M,2016,P40,N200,20180530,rhizosphere,N200
4066,M,2016,P40,N200,20180530,rhizosphere,N200
4067,M,2015,P43,N200,20180530,rhizosphere,N200
4068,M,2015,P43,N200,20180530,rhizosphere,N200
4069,M,2015,P44,N0,20180530,rhizosphere,N0
4070,M,2015,P44,N0,20180530,rhizosphere,N0
4071,M,2015,P45,N400,20180530,rhizosphere,N400
4072,M,2015,P45,N400,20180530,rhizosphere,N400
4073,C,2018,P33,N200,20180530,rhizosphere,N200
4074,C,2018,P33,N200,20180530,rhizosphere,N200
4075,C,2018,P34,N300,20180530,rhizosphere,N300
4076,C,2018,P34,N300,20180530,rhizosphere,N300
4078,C,2018,P35,N0,20180530,rhizosphere,N0
4079,C,2018,P37,N300,20180530,rhizosphere,N300
4080,C,2018,P37,N300,20180530,rhizosphere,N300
4081,C,2018,P39,N0,20180530,rhizosphere,N0
4082,C,2018,P39,N0,20180530,rhizosphere,N0
4083,C,2018,P40,N200,20180530,rhizosphere,N200
4084,C,2018,P40,N200,20180530,rhizosphere,N200
4085,C,2018,P43,N200,20180530,rhizosphere,N200
4086,C,2018,P43,N200,20180530,rhizosphere,N200
4087,C,2018,P44,N0,20180530,rhizosphere,N0
4088,C,2018,P44,N0,20180530,rhizosphere,N0
4089,C,2018,P45,N300,20180530,rhizosphere,N300
4090,C,2018,P45,N300,20180530,rhizosphere,N300
4091,M,2017,P46,N0,20180530,rhizosphere,N0
4092,M,2017,P46,N0,20180530,rhizosphere,N0
4093,M,2017,P48,N400,20180530,rhizosphere,N400
4094,M,2017,P48,N400,20180530,rhizosphere,N400
4095,M,2017,P50,N200,20180530,rhizosphere,N200
4096,M,2017,P50,N200,20180530,rhizosphere,N200
4097,M,2015,P53,N400,20180530,rhizosphere,N400
4098,M,2015,P53,N400,20180530,rhizosphere,N400
4099,M,2015,P54,N200,20180530,rhizosphere,N200
4100,M,2015,P54,N200,20180530,rhizosphere,N200
4101,M,2015,P55,N0,20180530,rhizosphere,N0
4103,M,2016,P56,N0,20180530,rhizosphere,N0
4104,M,2016,P56,N0,20180530,rhizosphere,N0
4105,M,2016,P58,N400,20180530,rhizosphere,N400
4106,M,2016,P58,N400,20180530,rhizosphere,N400
4107,M,2016,P60,N200,20180530,rhizosphere,N200
4108,M,2016,P60,N200,20180530,rhizosphere,N200
4109,C,2018,P14,N0,20180530,bulk,N0
4110,C,2018,P13,N300,20180530,bulk,N300
4111,C,2018,P12,N200,20180530,bulk,N200
4112,M,2017,P14,N0,20180530,bulk,N0
4113,M,2017,P13,N400,20180530,bulk,N400
4114,M,2017,P12,N200,20180530,bulk,N200
4115,M,2016,P7,N0,20180530,bulk,N0
4116,M,2016,P6,N400,20180530,bulk,N400
4117,M,2016,P9,N200,20180530,bulk,N200
4118,M,2015,P4,N0,20180530,bulk,N0
4119,M,2015,P3,N400,20180530,bulk,N400
4120,M,2015,P5,N200,20180530,bulk,N200
4077,C,2018,P35,N0,20180530,rhizosphere,N0
4102,M,2015,P55,N0,20180530,rhizosphere,N0
5001,C,2018,P3,N300,20180703,rhizosphere,N300
5002,C,2018,P3,N300,20180703,rhizosphere,N300
5003,C,2018,P4,N0,20180703,rhizosphere,N0
5004,C,2018,P4,N0,20180703,rhizosphere,N0
5005,C,2018,P5,N200,20180703,rhizosphere,N200
5006,C,2018,P5,N200,20180703,rhizosphere,N200
5008,C,2018,P6,N300,20180703,rhizosphere,N300
5009,C,2018,P7,N0,20180703,rhizosphere,N0
5010,C,2018,P7,N0,20180703,rhizosphere,N0
5011,C,2018,P9,N200,20180703,rhizosphere,N200
5012,C,2018,P9,N200,20180703,rhizosphere,N200
5013,C,2018,P12,N200,20180703,rhizosphere,N200
5014,C,2018,P12,N200,20180703,rhizosphere,N200
5015,C,2018,P13,N300,20180703,rhizosphere,N300
5016,C,2018,P13,N300,20180703,rhizosphere,N300
5017,C,2018,P14,N0,20180703,rhizosphere,N0
5018,C,2018,P14,N0,20180703,rhizosphere,N0
5019,M,2015,P3,N400,20180703,rhizosphere,N400
5020,M,2015,P3,N400,20180703,rhizosphere,N400
5021,M,2015,P4,N0,20180703,rhizosphere,N0
5022,M,2015,P4,N0,20180703,rhizosphere,N0
5023,M,2015,P5,N200,20180703,rhizosphere,N200
5024,M,2015,P5,N200,20180703,rhizosphere,N200
5025,M,2016,P6,N400,20180703,rhizosphere,N400
5026,M,2016,P6,N400,20180703,rhizosphere,N400
5027,M,2016,P7,N0,20180703,rhizosphere,N0
5028,M,2016,P7,N0,20180703,rhizosphere,N0
5029,M,2016,P9,N200,20180703,rhizosphere,N200
5030,M,2016,P9,N200,20180703,rhizosphere,N200
5031,M,2017,P12,N200,20180703,rhizosphere,N200
5032,M,2017,P12,N200,20180703,rhizosphere,N200
5033,M,2017,P13,N400,20180703,rhizosphere,N400
5034,M,2017,P13,N400,20180703,rhizosphere,N400
5035,M,2017,P14,N0,20180703,rhizosphere,N0
5036,M,2017,P14,N0,20180703,rhizosphere,N0
5037,M,2016,P17,N400,20180703,rhizosphere,N400
5038,M,2016,P17,N400,20180703,rhizosphere,N400
5039,M,2016,P18,N200,20180703,rhizosphere,N200
5040,M,2016,P18,N200,20180703,rhizosphere,N200
5041,M,2016,P19,N0,20180703,rhizosphere,N0
5042,M,2016,P19,N0,20180703,rhizosphere,N0
5043,M,2017,P22,N400,20180703,rhizosphere,N400
5044,M,2017,P22,N400,20180703,rhizosphere,N400
5045,M,2017,P24,N0,20180703,rhizosphere,N0
5046,M,2017,P24,N0,20180703,rhizosphere,N0
5047,M,2017,P25,N200,20180703,rhizosphere,N200
5048,M,2017,P25,N200,20180703,rhizosphere,N200
5049,M,2015,P27,N400,20180703,rhizosphere,N400
5050,M,2015,P27,N400,20180703,rhizosphere,N400
5051,M,2015,P28,N0,20180703,rhizosphere,N0
5052,M,2015,P28,N0,20180703,rhizosphere,N0
5053,M,2015,P30,N200,20180703,rhizosphere,N200
5054,M,2015,P30,N200,20180703,rhizosphere,N200
5055,M,2017,P33,N200,20180703,rhizosphere,N200
5056,M,2017,P33,N200,20180703,rhizosphere,N200
5057,M,2017,P34,N400,20180703,rhizosphere,N400
5058,M,2017,P34,N400,20180703,rhizosphere,N400
5059,M,2017,P35,N0,20180703,rhizosphere,N0
5060,M,2017,P35,N0,20180703,rhizosphere,N0
5061,M,2016,P37,N400,20180703,rhizosphere,N400
5063,M,2016,P39,N0,20180703,rhizosphere,N0
5064,M,2016,P39,N0,20180703,rhizosphere,N0
5065,M,2016,P40,N200,20180703,rhizosphere,N200
5066,M,2016,P40,N200,20180703,rhizosphere,N200
5067,M,2015,P43,N200,20180703,rhizosphere,N200
5068,M,2015,P43,N200,20180703,rhizosphere,N200
5069,M,2015,P44,N0,20180703,rhizosphere,N0
5070,M,2015,P44,N0,20180703,rhizosphere,N0
5071,M,2015,P45,N400,20180703,rhizosphere,N400
5072,M,2015,P45,N400,20180703,rhizosphere,N400
5073,C,2018,P33,N200,20180703,rhizosphere,N200
5074,C,2018,P33,N200,20180703,rhizosphere,N200
5075,C,2018,P34,N300,20180703,rhizosphere,N300
5076,C,2018,P34,N300,20180703,rhizosphere,N300
5077,C,2018,P35,N0,20180703,rhizosphere,N0
5078,C,2018,P35,N0,20180703,rhizosphere,N0
5079,C,2018,P37,N300,20180703,rhizosphere,N300
5080,C,2018,P37,N300,20180703,rhizosphere,N300
5081,C,2018,P39,N0,20180703,rhizosphere,N0
5082,C,2018,P39,N0,20180703,rhizosphere,N0
5083,C,2018,P40,N200,20180703,rhizosphere,N200
5084,C,2018,P40,N200,20180703,rhizosphere,N200
5085,C,2018,P43,N200,20180703,rhizosphere,N200
5086,C,2018,P43,N200,20180703,rhizosphere,N200
5087,C,2018,P44,N0,20180703,rhizosphere,N0
5088,C,2018,P44,N0,20180703,rhizosphere,N0
5089,C,2018,P45,N300,20180703,rhizosphere,N300
5090,C,2018,P45,N300,20180703,rhizosphere,N300
5091,M,2017,P46,N0,20180703,rhizosphere,N0
5092,M,2017,P46,N0,20180703,rhizosphere,N0
5093,M,2017,P48,N400,20180703,rhizosphere,N400
5094,M,2017,P48,N400,20180703,rhizosphere,N400
5095,M,2017,P50,N200,20180703,rhizosphere,N200
5096,M,2017,P50,N200,20180703,rhizosphere,N200
5097,M,2015,P53,N400,20180703,rhizosphere,N400
5098,M,2015,P53,N400,20180703,rhizosphere,N400
5099,M,2015,P54,N200,20180703,rhizosphere,N200
5100,M,2015,P54,N200,20180703,rhizosphere,N200
5101,M,2015,P55,N0,20180703,rhizosphere,N0
5102,M,2015,P55,N0,20180703,rhizosphere,N0
5103,M,2016,P56,N0,20180703,rhizosphere,N0
5104,M,2016,P56,N0,20180703,rhizosphere,N0
5105,M,2016,P58,N400,20180703,rhizosphere,N400
5106,M,2016,P58,N400,20180703,rhizosphere,N400
5107,M,2016,P60,N200,20180703,rhizosphere,N200
5108,M,2016,P60,N200,20180703,rhizosphere,N200
5109,C,2018,P14,N0,20180703,bulk,N0
5110,C,2018,P13,N300,20180703,bulk,N300
5111,C,2018,P12,N200,20180703,bulk,N200
5112,M,2017,P14,N0,20180703,bulk,N0
5113,M,2017,P13,N400,20180703,bulk,N400
5114,M,2017,P12,N200,20180703,bulk,N200
5115,M,2016,P7,N0,20180703,bulk,N0
5116,M,2016,P6,N400,20180703,bulk,N400
5117,M,2016,P9,N200,20180703,bulk,N200
5118,M,2015,P4,N0,20180703,bulk,N0
5119,M,2015,P3,N400,20180703,bulk,N400
5120,M,2015,P5,N200,20180703,bulk,N200
5007,C,2018,P6,N300,20180703,rhizosphere,N300
5062,M,2016,P37,N400,20180703,rhizosphere,N400
