sequence_id,sample_id,plant,year,plot,nitrogen_conc,days_after_fertilization,nucleotide,target_region,project,rownames
2028_DNA,2028,M,2015,P3,N400,-10,DNA,ITS,LAMPS_2018,2028
2029_DNA,2029,M,2015,P3,N400,-10,DNA,ITS,LAMPS_2018,2029
2029_RNA,2029,M,2015,P3,N400,-10,RNA,ITS,LAMPS_2018,2029
2030_DNA,2030,M,2015,P3,N400,-10,DNA,ITS,LAMPS_2018,2030
2031_DNA,2031,M,2015,P4,N0,-10,DNA,ITS,LAMPS_2018,2031
2032_DNA,2032,M,2015,P4,N0,-10,DNA,ITS,LAMPS_2018,2032
2032_RNA,2032,M,2015,P4,N0,-10,RNA,ITS,LAMPS_2018,2032
2033_DNA,2033,M,2015,P4,N0,-10,DNA,ITS,LAMPS_2018,2033
2037_DNA,2037,M,2016,P6,N400,-10,DNA,ITS,LAMPS_2018,2037
2037_RNA,2037,M,2016,P6,N400,-10,RNA,ITS,LAMPS_2018,2037
2038_DNA,2038,M,2016,P6,N400,-10,DNA,ITS,LAMPS_2018,2038
2039_DNA,2039,M,2016,P6,N400,-10,DNA,ITS,LAMPS_2018,2039
2040_DNA,2040,M,2016,P7,N0,-10,DNA,ITS,LAMPS_2018,2040
2040_RNA,2040,M,2016,P7,N0,-10,RNA,ITS,LAMPS_2018,2040
2041_DNA,2041,M,2016,P7,N0,-10,DNA,ITS,LAMPS_2018,2041
2042_DNA,2042,M,2016,P7,N0,-10,DNA,ITS,LAMPS_2018,2042
2049_DNA,2049,M,2017,P13,N400,-10,DNA,ITS,LAMPS_2018,2049
2050_DNA,2050,M,2017,P13,N400,-10,DNA,ITS,LAMPS_2018,2050
2050_RNA,2050,M,2017,P13,N400,-10,RNA,ITS,LAMPS_2018,2050
2051_DNA,2051,M,2017,P13,N400,-10,DNA,ITS,LAMPS_2018,2051
2052_DNA,2052,M,2017,P14,N0,-10,DNA,ITS,LAMPS_2018,2052
2053_DNA,2053,M,2017,P14,N0,-10,DNA,ITS,LAMPS_2018,2053
2054_DNA,2054,M,2017,P14,N0,-10,DNA,ITS,LAMPS_2018,2054
2055_DNA,2055,M,2016,P17,N400,-10,DNA,ITS,LAMPS_2018,2055
2055_RNA,2055,M,2016,P17,N400,-10,RNA,ITS,LAMPS_2018,2055
2057_DNA,2057,M,2016,P17,N400,-10,DNA,ITS,LAMPS_2018,2057
2061_DNA,2061,M,2016,P19,N0,-10,DNA,ITS,LAMPS_2018,2061
2062_DNA,2062,M,2016,P19,N0,-10,DNA,ITS,LAMPS_2018,2062
2062_RNA,2062,M,2016,P19,N0,-10,RNA,ITS,LAMPS_2018,2062
2063_DNA,2063,M,2016,P19,N0,-10,DNA,ITS,LAMPS_2018,2063
2063_RNA,2063,M,2016,P19,N0,-10,RNA,ITS,LAMPS_2018,2063
2065_DNA,2065,M,2017,P22,N400,-10,DNA,ITS,LAMPS_2018,2065
2066_DNA,2066,M,2017,P22,N400,-10,DNA,ITS,LAMPS_2018,2066
2067_DNA,2067,M,2017,P24,N0,-10,DNA,ITS,LAMPS_2018,2067
2068_DNA,2068,M,2017,P24,N0,-10,DNA,ITS,LAMPS_2018,2068
2069_DNA,2069,M,2017,P24,N0,-10,DNA,ITS,LAMPS_2018,2069
2073_DNA,2073,M,2015,P27,N400,-10,DNA,ITS,LAMPS_2018,2073
2074_DNA,2074,M,2015,P27,N400,-10,DNA,ITS,LAMPS_2018,2074
2075_DNA,2075,M,2015,P27,N400,-10,DNA,ITS,LAMPS_2018,2075
2075_RNA,2075,M,2015,P27,N400,-10,RNA,ITS,LAMPS_2018,2075
2076_DNA,2076,M,2015,P28,N0,-10,DNA,ITS,LAMPS_2018,2076
2077_DNA,2077,M,2015,P28,N0,-10,DNA,ITS,LAMPS_2018,2077
2077_RNA,2077,M,2015,P28,N0,-10,RNA,ITS,LAMPS_2018,2077
2078_DNA,2078,M,2015,P28,N0,-10,DNA,ITS,LAMPS_2018,2078
2113_DNA,2113,C,2018,P34,N300,-10,DNA,ITS,LAMPS_2018,2113
2114_DNA,2114,C,2018,P34,N300,-10,DNA,ITS,LAMPS_2018,2114
2115_DNA,2115,C,2018,P35,N0,-10,DNA,ITS,LAMPS_2018,2115
2116_DNA,2116,C,2018,P35,N0,-10,DNA,ITS,LAMPS_2018,2116
2118_DNA,2118,C,2018,P37,N300,-10,DNA,ITS,LAMPS_2018,2118
2119_DNA,2119,C,2018,P37,N300,-10,DNA,ITS,LAMPS_2018,2119
2121_DNA,2121,C,2018,P39,N0,-10,DNA,ITS,LAMPS_2018,2121
2122_DNA,2122,C,2018,P39,N0,-10,DNA,ITS,LAMPS_2018,2122
2123_DNA,2123,C,2018,P39,N0,-10,DNA,ITS,LAMPS_2018,2123
2130_DNA,2130,C,2018,P44,N0,-10,DNA,ITS,LAMPS_2018,2130
2131_DNA,2131,C,2018,P44,N0,-10,DNA,ITS,LAMPS_2018,2131
2132_DNA,2132,C,2018,P44,N0,-10,DNA,ITS,LAMPS_2018,2132
2133_DNA,2133,C,2018,P45,N300,-10,DNA,ITS,LAMPS_2018,2133
2134_DNA,2134,C,2018,P45,N300,-10,DNA,ITS,LAMPS_2018,2134
2135_DNA,2135,C,2018,P45,N300,-10,DNA,ITS,LAMPS_2018,2135
2136_DNA,2136,M,2017,P46,N0,-10,DNA,ITS,LAMPS_2018,2136
2138_DNA,2138,M,2017,P46,N0,-10,DNA,ITS,LAMPS_2018,2138
2138_RNA,2138,M,2017,P46,N0,-10,RNA,ITS,LAMPS_2018,2138
2139_DNA,2139,M,2017,P48,N400,-10,DNA,ITS,LAMPS_2018,2139
2140_DNA,2140,M,2017,P48,N400,-10,DNA,ITS,LAMPS_2018,2140
2141_DNA,2141,M,2017,P48,N400,-10,DNA,ITS,LAMPS_2018,2141
2145_DNA,2145,M,2015,P53,N400,-10,DNA,ITS,LAMPS_2018,2145
2146_DNA,2146,M,2015,P53,N400,-10,DNA,ITS,LAMPS_2018,2146
2152_DNA,2152,M,2015,P55,N0,-10,DNA,ITS,LAMPS_2018,2152
2153_DNA,2153,M,2015,P55,N0,-10,DNA,ITS,LAMPS_2018,2153
2153_RNA,2153,M,2015,P55,N0,-10,RNA,ITS,LAMPS_2018,2153
2154_DNA,2154,M,2016,P56,N0,-10,DNA,ITS,LAMPS_2018,2154
2156_DNA,2156,M,2016,P56,N0,-10,DNA,ITS,LAMPS_2018,2156
2156_RNA,2156,M,2016,P56,N0,-10,RNA,ITS,LAMPS_2018,2156
2157_DNA,2157,M,2016,P58,N400,-10,DNA,ITS,LAMPS_2018,2157
2158_DNA,2158,M,2016,P58,N400,-10,DNA,ITS,LAMPS_2018,2158
2159_DNA,2159,M,2016,P58,N400,-10,DNA,ITS,LAMPS_2018,2159
5001_DNA,5001,C,2018,P3,N300,69,DNA,ITS,LAMPS_2018,5001
5002_DNA,5002,C,2018,P3,N300,69,DNA,ITS,LAMPS_2018,5002
5003_DNA,5003,C,2018,P4,N0,69,DNA,ITS,LAMPS_2018,5003
5004_DNA,5004,C,2018,P4,N0,69,DNA,ITS,LAMPS_2018,5004
5019_DNA,5019,M,2015,P3,N400,69,DNA,ITS,LAMPS_2018,5019
5020_DNA,5020,M,2015,P3,N400,69,DNA,ITS,LAMPS_2018,5020
5021_DNA,5021,M,2015,P4,N0,69,DNA,ITS,LAMPS_2018,5021
5022_DNA,5022,M,2015,P4,N0,69,DNA,ITS,LAMPS_2018,5022
5025_DNA,5025,M,2016,P6,N400,69,DNA,ITS,LAMPS_2018,5025
5026_DNA,5026,M,2016,P6,N400,69,DNA,ITS,LAMPS_2018,5026
5027_DNA,5027,M,2016,P7,N0,69,DNA,ITS,LAMPS_2018,5027
5027_RNA,5027,M,2016,P7,N0,69,RNA,ITS,LAMPS_2018,5027
5028_DNA,5028,M,2016,P7,N0,69,DNA,ITS,LAMPS_2018,5028
5033_DNA,5033,M,2017,P13,N400,69,DNA,ITS,LAMPS_2018,5033
5034_DNA,5034,M,2017,P13,N400,69,DNA,ITS,LAMPS_2018,5034
5035_DNA,5035,M,2017,P14,N0,69,DNA,ITS,LAMPS_2018,5035
5035_RNA,5035,M,2017,P14,N0,69,RNA,ITS,LAMPS_2018,5035
5036_DNA,5036,M,2017,P14,N0,69,DNA,ITS,LAMPS_2018,5036
5037_DNA,5037,M,2016,P17,N400,69,DNA,ITS,LAMPS_2018,5037
5038_DNA,5038,M,2016,P17,N400,69,DNA,ITS,LAMPS_2018,5038
5041_DNA,5041,M,2016,P19,N0,69,DNA,ITS,LAMPS_2018,5041
5042_DNA,5042,M,2016,P19,N0,69,DNA,ITS,LAMPS_2018,5042
5043_DNA,5043,M,2017,P22,N400,69,DNA,ITS,LAMPS_2018,5043
5044_DNA,5044,M,2017,P22,N400,69,DNA,ITS,LAMPS_2018,5044
5045_DNA,5045,M,2017,P24,N0,69,DNA,ITS,LAMPS_2018,5045
5045_RNA,5045,M,2017,P24,N0,69,RNA,ITS,LAMPS_2018,5045
5046_DNA,5046,M,2017,P24,N0,69,DNA,ITS,LAMPS_2018,5046
5049_DNA,5049,M,2015,P27,N400,69,DNA,ITS,LAMPS_2018,5049
5050_DNA,5050,M,2015,P27,N400,69,DNA,ITS,LAMPS_2018,5050
5051_DNA,5051,M,2015,P28,N0,69,DNA,ITS,LAMPS_2018,5051
5051_RNA,5051,M,2015,P28,N0,69,RNA,ITS,LAMPS_2018,5051
5052_DNA,5052,M,2015,P28,N0,69,DNA,ITS,LAMPS_2018,5052
5057_DNA,5057,M,2017,P34,N400,69,DNA,ITS,LAMPS_2018,5057
5058_DNA,5058,M,2017,P34,N400,69,DNA,ITS,LAMPS_2018,5058
5059_DNA,5059,M,2017,P35,N0,69,DNA,ITS,LAMPS_2018,5059
5061_DNA,5061,M,2016,P37,N400,69,DNA,ITS,LAMPS_2018,5061
5062_DNA,5062,M,2016,P37,N400,69,DNA,ITS,LAMPS_2018,5062
5062_RNA,5062,M,2016,P37,N400,69,RNA,ITS,LAMPS_2018,5062
5063_DNA,5063,M,2016,P39,N0,69,DNA,ITS,LAMPS_2018,5063
5064_DNA,5064,M,2016,P39,N0,69,DNA,ITS,LAMPS_2018,5064
5069_DNA,5069,M,2015,P44,N0,69,DNA,ITS,LAMPS_2018,5069
5070_DNA,5070,M,2015,P44,N0,69,DNA,ITS,LAMPS_2018,5070
5071_DNA,5071,M,2015,P45,N400,69,DNA,ITS,LAMPS_2018,5071
5072_DNA,5072,M,2015,P45,N400,69,DNA,ITS,LAMPS_2018,5072
5075_DNA,5075,C,2018,P34,N300,69,DNA,ITS,LAMPS_2018,5075
5076_DNA,5076,C,2018,P34,N300,69,DNA,ITS,LAMPS_2018,5076
5077_DNA,5077,C,2018,P35,N0,69,DNA,ITS,LAMPS_2018,5077
5078_DNA,5078,C,2018,P35,N0,69,DNA,ITS,LAMPS_2018,5078
5079_DNA,5079,C,2018,P37,N300,69,DNA,ITS,LAMPS_2018,5079
5079_RNA,5079,C,2018,P37,N300,69,RNA,ITS,LAMPS_2018,5079
5080_DNA,5080,C,2018,P37,N300,69,DNA,ITS,LAMPS_2018,5080
5081_DNA,5081,C,2018,P39,N0,69,DNA,ITS,LAMPS_2018,5081
5081_RNA,5081,C,2018,P39,N0,69,RNA,ITS,LAMPS_2018,5081
5082_DNA,5082,C,2018,P39,N0,69,DNA,ITS,LAMPS_2018,5082
5082_RNA,5082,C,2018,P39,N0,69,RNA,ITS,LAMPS_2018,5082
5087_DNA,5087,C,2018,P44,N0,69,DNA,ITS,LAMPS_2018,5087
5087_RNA,5087,C,2018,P44,N0,69,RNA,ITS,LAMPS_2018,5087
5088_DNA,5088,C,2018,P44,N0,69,DNA,ITS,LAMPS_2018,5088
5089_DNA,5089,C,2018,P45,N300,69,DNA,ITS,LAMPS_2018,5089
5090_DNA,5090,C,2018,P45,N300,69,DNA,ITS,LAMPS_2018,5090
5091_DNA,5091,M,2017,P46,N0,69,DNA,ITS,LAMPS_2018,5091
5092_DNA,5092,M,2017,P46,N0,69,DNA,ITS,LAMPS_2018,5092
5093_DNA,5093,M,2017,P48,N400,69,DNA,ITS,LAMPS_2018,5093
5093_RNA,5093,M,2017,P48,N400,69,RNA,ITS,LAMPS_2018,5093
5094_DNA,5094,M,2017,P48,N400,69,DNA,ITS,LAMPS_2018,5094
5094_RNA,5094,M,2017,P48,N400,69,RNA,ITS,LAMPS_2018,5094
5097_DNA,5097,M,2015,P53,N400,69,DNA,ITS,LAMPS_2018,5097
5098_DNA,5098,M,2015,P53,N400,69,DNA,ITS,LAMPS_2018,5098
5101_DNA,5101,M,2015,P55,N0,69,DNA,ITS,LAMPS_2018,5101
5102_DNA,5102,M,2015,P55,N0,69,DNA,ITS,LAMPS_2018,5102
5103_DNA,5103,M,2016,P56,N0,69,DNA,ITS,LAMPS_2018,5103
5104_DNA,5104,M,2016,P56,N0,69,DNA,ITS,LAMPS_2018,5104
5105_DNA,5105,M,2016,P58,N400,69,DNA,ITS,LAMPS_2018,5105
5106_DNA,5106,M,2016,P58,N400,69,DNA,ITS,LAMPS_2018,5106
5106_RNA,5106,M,2016,P58,N400,69,RNA,ITS,LAMPS_2018,5106
5108_RNA,5108,M,2016,P60,N200,69,RNA,ITS,LAMPS_2018,5108
