sequence_id,sample_id,crop,year,plot,nitrogen_conc,replicate,sample_date,days_after_fertilization,nucleotide,target_region,fertilization,soil_type,project,rownames
2001_C_2018_P3_N300_A_20180430_RNA,2001_RNA,C,2018,P3,N300,A,20180430,-10,RNA,16S,no,rhizosphere,LAMPS_2018,2001_RNA
2002_C_2018_P3_N300_B_20180430_RNA,2002_RNA,C,2018,P3,N300,B,20180430,-10,RNA,16S,no,rhizosphere,LAMPS_2018,2002_RNA
2003_C_2018_P3_N300_C_20180430_RNA,2003_RNA,C,2018,P3,N300,C,20180430,-10,RNA,16S,no,rhizosphere,LAMPS_2018,2003_RNA
2004_C_2018_P4_N0_A_20180430_RNA,2004_RNA,C,2018,P4,N0,A,20180430,-10,RNA,16S,no,rhizosphere,LAMPS_2018,2004_RNA
2005_C_2018_P4_N0_B_20180430_RNA,2005_RNA,C,2018,P4,N0,B,20180430,-10,RNA,16S,no,rhizosphere,LAMPS_2018,2005_RNA
2006_C_2018_P4_N0_C_20180430_RNA,2006_RNA,C,2018,P4,N0,C,20180430,-10,RNA,16S,no,rhizosphere,LAMPS_2018,2006_RNA
2007_C_2018_P5_N200_A_20180430_RNA,2007_RNA,C,2018,P5,N200,A,20180430,-10,RNA,16S,no,rhizosphere,LAMPS_2018,2007_RNA
2008_C_2018_P5_N200_B_20180430_RNA,2008_RNA,C,2018,P5,N200,B,20180430,-10,RNA,16S,no,rhizosphere,LAMPS_2018,2008_RNA
2009_C_2018_P5_N200_C_20180430_RNA,2009_RNA,C,2018,P5,N200,C,20180430,-10,RNA,16S,no,rhizosphere,LAMPS_2018,2009_RNA
2010_C_2018_P6_N300_A_20180430_RNA,2010_RNA,C,2018,P6,N300,A,20180430,-10,RNA,16S,no,rhizosphere,LAMPS_2018,2010_RNA
2011_C_2018_P6_N300_B_20180430_RNA,2011_RNA,C,2018,P6,N300,B,20180430,-10,RNA,16S,no,rhizosphere,LAMPS_2018,2011_RNA
2012_C_2018_P6_N300_C_20180430_RNA,2012_RNA,C,2018,P6,N300,C,20180430,-10,RNA,16S,no,rhizosphere,LAMPS_2018,2012_RNA
2013_C_2018_P7_N0_A_20180430_RNA,2013_RNA,C,2018,P7,N0,A,20180430,-10,RNA,16S,no,rhizosphere,LAMPS_2018,2013_RNA
2014_C_2018_P7_N0_B_20180430_RNA,2014_RNA,C,2018,P7,N0,B,20180430,-10,RNA,16S,no,rhizosphere,LAMPS_2018,2014_RNA
2015_C_2018_P7_N0_C_20180430_RNA,2015_RNA,C,2018,P7,N0,C,20180430,-10,RNA,16S,no,rhizosphere,LAMPS_2018,2015_RNA
2016_C_2018_P9_N200_A_20180430_RNA,2016_RNA,C,2018,P9,N200,A,20180430,-10,RNA,16S,no,rhizosphere,LAMPS_2018,2016_RNA
2017_C_2018_P9_N200_B_20180430_RNA,2017_RNA,C,2018,P9,N200,B,20180430,-10,RNA,16S,no,rhizosphere,LAMPS_2018,2017_RNA
2018_C_2018_P9_N200_C_20180430_RNA,2018_RNA,C,2018,P9,N200,C,20180430,-10,RNA,16S,no,rhizosphere,LAMPS_2018,2018_RNA
2019_C_2018_P12_N200_A_20180430_RNA,2019_RNA,C,2018,P12,N200,A,20180430,-10,RNA,16S,no,rhizosphere,LAMPS_2018,2019_RNA
2020_C_2018_P12_N200_B_20180430_RNA,2020_RNA,C,2018,P12,N200,B,20180430,-10,RNA,16S,no,rhizosphere,LAMPS_2018,2020_RNA
2021_C_2018_P12_N200_C_20180430_RNA,2021_RNA,C,2018,P12,N200,C,20180430,-10,RNA,16S,no,rhizosphere,LAMPS_2018,2021_RNA
2022_C_2018_P13_N300_A_20180430_RNA,2022_RNA,C,2018,P13,N300,A,20180430,-10,RNA,16S,no,rhizosphere,LAMPS_2018,2022_RNA
2023_C_2018_P13_N300_B_20180430_RNA,2023_RNA,C,2018,P13,N300,B,20180430,-10,RNA,16S,no,rhizosphere,LAMPS_2018,2023_RNA
2024_C_2018_P13_N300_C_20180430_RNA,2024_RNA,C,2018,P13,N300,C,20180430,-10,RNA,16S,no,rhizosphere,LAMPS_2018,2024_RNA
2025_C_2018_P14_N0_A_20180430_RNA,2025_RNA,C,2018,P14,N0,A,20180430,-10,RNA,16S,no,rhizosphere,LAMPS_2018,2025_RNA
2026_C_2018_P14_N0_B_20180430_RNA,2026_RNA,C,2018,P14,N0,B,20180430,-10,RNA,16S,no,rhizosphere,LAMPS_2018,2026_RNA
2027_C_2018_P14_N0_C_20180430_RNA,2027_RNA,C,2018,P14,N0,C,20180430,-10,RNA,16S,no,rhizosphere,LAMPS_2018,2027_RNA
2028_M_2015_P3_N400_A_20180430_RNA,2028_RNA,M,2015,P3,N400,A,20180430,-10,RNA,16S,no,rhizosphere,LAMPS_2018,2028_RNA
2029_M_2015_P3_N400_B_20180430_RNA,2029_RNA,M,2015,P3,N400,B,20180430,-10,RNA,16S,no,rhizosphere,LAMPS_2018,2029_RNA
2030_M_2015_P3_N400_C_20180430_RNA,2030_RNA,M,2015,P3,N400,C,20180430,-10,RNA,16S,no,rhizosphere,LAMPS_2018,2030_RNA
2031_M_2015_P4_N0_A_20180430_RNA,2031_RNA,M,2015,P4,N0,A,20180430,-10,RNA,16S,no,rhizosphere,LAMPS_2018,2031_RNA
2032_M_2015_P4_N0_B_20180430_RNA,2032_RNA,M,2015,P4,N0,B,20180430,-10,RNA,16S,no,rhizosphere,LAMPS_2018,2032_RNA
2033_M_2015_P4_N0_C_20180430_RNA,2033_RNA,M,2015,P4,N0,C,20180430,-10,RNA,16S,no,rhizosphere,LAMPS_2018,2033_RNA
2034_M_2015_P5_N200_A_20180430_RNA,2034_RNA,M,2015,P5,N200,A,20180430,-10,RNA,16S,no,rhizosphere,LAMPS_2018,2034_RNA
2035_M_2015_P5_N200_B_20180430_RNA,2035_RNA,M,2015,P5,N200,B,20180430,-10,RNA,16S,no,rhizosphere,LAMPS_2018,2035_RNA
2036_M_2015_P5_N200_C_20180430_RNA,2036_RNA,M,2015,P5,N200,C,20180430,-10,RNA,16S,no,rhizosphere,LAMPS_2018,2036_RNA
2037_M_2016_P6_N400_A_20180430_RNA,2037_RNA,M,2016,P6,N400,A,20180430,-10,RNA,16S,no,rhizosphere,LAMPS_2018,2037_RNA
2038_M_2016_P6_N400_B_20180430_RNA,2038_RNA,M,2016,P6,N400,B,20180430,-10,RNA,16S,no,rhizosphere,LAMPS_2018,2038_RNA
2039_M_2016_P6_N400_C_20180430_RNA,2039_RNA,M,2016,P6,N400,C,20180430,-10,RNA,16S,no,rhizosphere,LAMPS_2018,2039_RNA
2040_M_2016_P7_N0_A_20180430_RNA,2040_RNA,M,2016,P7,N0,A,20180430,-10,RNA,16S,no,rhizosphere,LAMPS_2018,2040_RNA
2041_M_2016_P7_N0_B_20180430_RNA,2041_RNA,M,2016,P7,N0,B,20180430,-10,RNA,16S,no,rhizosphere,LAMPS_2018,2041_RNA
2042_M_2016_P7_N0_C_20180430_RNA,2042_RNA,M,2016,P7,N0,C,20180430,-10,RNA,16S,no,rhizosphere,LAMPS_2018,2042_RNA
2043_M_2016_P9_N200_A_20180430_RNA,2043_RNA,M,2016,P9,N200,A,20180430,-10,RNA,16S,no,rhizosphere,LAMPS_2018,2043_RNA
2044_M_2016_P9_N200_B_20180430_RNA,2044_RNA,M,2016,P9,N200,B,20180430,-10,RNA,16S,no,rhizosphere,LAMPS_2018,2044_RNA
2045_M_2016_P9_N200_C_20180430_RNA,2045_RNA,M,2016,P9,N200,C,20180430,-10,RNA,16S,no,rhizosphere,LAMPS_2018,2045_RNA
2046_M_2017_P12_N200_A_20180430_RNA,2046_RNA,M,2017,P12,N200,A,20180430,-10,RNA,16S,no,rhizosphere,LAMPS_2018,2046_RNA
2047_M_2017_P12_N200_B_20180430_RNA,2047_RNA,M,2017,P12,N200,B,20180430,-10,RNA,16S,no,rhizosphere,LAMPS_2018,2047_RNA
2048_M_2017_P12_N200_C_20180430_RNA,2048_RNA,M,2017,P12,N200,C,20180430,-10,RNA,16S,no,rhizosphere,LAMPS_2018,2048_RNA
2049_M_2017_P13_N400_A_20180430_RNA,2049_RNA,M,2017,P13,N400,A,20180430,-10,RNA,16S,no,rhizosphere,LAMPS_2018,2049_RNA
2050_M_2017_P13_N400_B_20180430_RNA,2050_RNA,M,2017,P13,N400,B,20180430,-10,RNA,16S,no,rhizosphere,LAMPS_2018,2050_RNA
2051_M_2017_P13_N400_C_20180430_RNA,2051_RNA,M,2017,P13,N400,C,20180430,-10,RNA,16S,no,rhizosphere,LAMPS_2018,2051_RNA
2052_M_2017_P14_N0_A_20180430_RNA,2052_RNA,M,2017,P14,N0,A,20180430,-10,RNA,16S,no,rhizosphere,LAMPS_2018,2052_RNA
2053_M_2017_P14_N0_B_20180430_RNA,2053_RNA,M,2017,P14,N0,B,20180430,-10,RNA,16S,no,rhizosphere,LAMPS_2018,2053_RNA
2054_M_2017_P14_N0_C_20180430_RNA,2054_RNA,M,2017,P14,N0,C,20180430,-10,RNA,16S,no,rhizosphere,LAMPS_2018,2054_RNA
2055_M_2016_P17_N400_A_20180430_RNA,2055_RNA,M,2016,P17,N400,A,20180430,-10,RNA,16S,no,rhizosphere,LAMPS_2018,2055_RNA
2056_M_2016_P17_N400_B_20180430_RNA,2056_RNA,M,2016,P17,N400,B,20180430,-10,RNA,16S,no,rhizosphere,LAMPS_2018,2056_RNA
2057_M_2016_P17_N400_C_20180430_RNA,2057_RNA,M,2016,P17,N400,C,20180430,-10,RNA,16S,no,rhizosphere,LAMPS_2018,2057_RNA
2058_M_2016_P18_N200_A_20180430_RNA,2058_RNA,M,2016,P18,N200,A,20180430,-10,RNA,16S,no,rhizosphere,LAMPS_2018,2058_RNA
2059_M_2016_P18_N200_B_20180430_RNA,2059_RNA,M,2016,P18,N200,B,20180430,-10,RNA,16S,no,rhizosphere,LAMPS_2018,2059_RNA
2060_M_2016_P18_N200_C_20180430_RNA,2060_RNA,M,2016,P18,N200,C,20180430,-10,RNA,16S,no,rhizosphere,LAMPS_2018,2060_RNA
2061_M_2016_P19_N0_A_20180430_RNA,2061_RNA,M,2016,P19,N0,A,20180430,-10,RNA,16S,no,rhizosphere,LAMPS_2018,2061_RNA
2062_M_2016_P19_N0_B_20180430_RNA,2062_RNA,M,2016,P19,N0,B,20180430,-10,RNA,16S,no,rhizosphere,LAMPS_2018,2062_RNA
2063_M_2016_P19_N0_C_20180430_RNA,2063_RNA,M,2016,P19,N0,C,20180430,-10,RNA,16S,no,rhizosphere,LAMPS_2018,2063_RNA
2064_M_2017_P22_N400_A_20180430_RNA,2064_RNA,M,2017,P22,N400,A,20180430,-10,RNA,16S,no,rhizosphere,LAMPS_2018,2064_RNA
2065_M_2017_P22_N400_B_20180430_RNA,2065_RNA,M,2017,P22,N400,B,20180430,-10,RNA,16S,no,rhizosphere,LAMPS_2018,2065_RNA
2066_M_2017_P22_N400_C_20180430_RNA,2066_RNA,M,2017,P22,N400,C,20180430,-10,RNA,16S,no,rhizosphere,LAMPS_2018,2066_RNA
2067_M_2017_P24_N0_A_20180430_RNA,2067_RNA,M,2017,P24,N0,A,20180430,-10,RNA,16S,no,rhizosphere,LAMPS_2018,2067_RNA
2068_M_2017_P24_N0_B_20180430_RNA,2068_RNA,M,2017,P24,N0,B,20180430,-10,RNA,16S,no,rhizosphere,LAMPS_2018,2068_RNA
2069_M_2017_P24_N0_C_20180430_RNA,2069_RNA,M,2017,P24,N0,C,20180430,-10,RNA,16S,no,rhizosphere,LAMPS_2018,2069_RNA
2070_M_2017_P25_N200_A_20180430_RNA,2070_RNA,M,2017,P25,N200,A,20180430,-10,RNA,16S,no,rhizosphere,LAMPS_2018,2070_RNA
2071_M_2017_P25_N200_B_20180430_RNA,2071_RNA,M,2017,P25,N200,B,20180430,-10,RNA,16S,no,rhizosphere,LAMPS_2018,2071_RNA
2072_M_2017_P25_N200_C_20180430_RNA,2072_RNA,M,2017,P25,N200,C,20180430,-10,RNA,16S,no,rhizosphere,LAMPS_2018,2072_RNA
2073_M_2015_P27_N400_A_20180430_RNA,2073_RNA,M,2015,P27,N400,A,20180430,-10,RNA,16S,no,rhizosphere,LAMPS_2018,2073_RNA
2074_M_2015_P27_N400_B_20180430_RNA,2074_RNA,M,2015,P27,N400,B,20180430,-10,RNA,16S,no,rhizosphere,LAMPS_2018,2074_RNA
2075_M_2015_P27_N400_C_20180430_RNA,2075_RNA,M,2015,P27,N400,C,20180430,-10,RNA,16S,no,rhizosphere,LAMPS_2018,2075_RNA
2076_M_2015_P28_N0_A_20180430_RNA,2076_RNA,M,2015,P28,N0,A,20180430,-10,RNA,16S,no,rhizosphere,LAMPS_2018,2076_RNA
2077_M_2015_P28_N0_B_20180430_RNA,2077_RNA,M,2015,P28,N0,B,20180430,-10,RNA,16S,no,rhizosphere,LAMPS_2018,2077_RNA
2078_M_2015_P28_N0_C_20180430_RNA,2078_RNA,M,2015,P28,N0,C,20180430,-10,RNA,16S,no,rhizosphere,LAMPS_2018,2078_RNA
2079_M_2015_P30_N200_A_20180430_RNA,2079_RNA,M,2015,P30,N200,A,20180430,-10,RNA,16S,no,rhizosphere,LAMPS_2018,2079_RNA
2080_M_2015_P30_N200_B_20180430_RNA,2080_RNA,M,2015,P30,N200,B,20180430,-10,RNA,16S,no,rhizosphere,LAMPS_2018,2080_RNA
2081_M_2015_P30_N200_C_20180430_RNA,2081_RNA,M,2015,P30,N200,C,20180430,-10,RNA,16S,no,rhizosphere,LAMPS_2018,2081_RNA
2082_M_2017_P33_N200_A_20180430_RNA,2082_RNA,M,2017,P33,N200,A,20180430,-10,RNA,16S,no,rhizosphere,LAMPS_2018,2082_RNA
2083_M_2017_P33_N200_B_20180430_RNA,2083_RNA,M,2017,P33,N200,B,20180430,-10,RNA,16S,no,rhizosphere,LAMPS_2018,2083_RNA
2084_M_2017_P33_N200_C_20180430_RNA,2084_RNA,M,2017,P33,N200,C,20180430,-10,RNA,16S,no,rhizosphere,LAMPS_2018,2084_RNA
2085_M_2017_P34_N400_A_20180430_RNA,2085_RNA,M,2017,P34,N400,A,20180430,-10,RNA,16S,no,rhizosphere,LAMPS_2018,2085_RNA
2086_M_2017_P34_N400_B_20180430_RNA,2086_RNA,M,2017,P34,N400,B,20180430,-10,RNA,16S,no,rhizosphere,LAMPS_2018,2086_RNA
2087_M_2017_P34_N400_C_20180430_RNA,2087_RNA,M,2017,P34,N400,C,20180430,-10,RNA,16S,no,rhizosphere,LAMPS_2018,2087_RNA
2088_M_2017_P35_N0_A_20180430_RNA,2088_RNA,M,2017,P35,N0,A,20180430,-10,RNA,16S,no,rhizosphere,LAMPS_2018,2088_RNA
2089_M_2017_P35_N0_B_20180430_RNA,2089_RNA,M,2017,P35,N0,B,20180430,-10,RNA,16S,no,rhizosphere,LAMPS_2018,2089_RNA
2090_M_2017_P35_N0_C_20180430_RNA,2090_RNA,M,2017,P35,N0,C,20180430,-10,RNA,16S,no,rhizosphere,LAMPS_2018,2090_RNA
2091_M_2016_P37_N400_A_20180430_RNA,2091_RNA,M,2016,P37,N400,A,20180430,-10,RNA,16S,no,rhizosphere,LAMPS_2018,2091_RNA
2092_M_2016_P37_N400_B_20180430_RNA,2092_RNA,M,2016,P37,N400,B,20180430,-10,RNA,16S,no,rhizosphere,LAMPS_2018,2092_RNA
2093_M_2016_P37_N400_C_20180430_RNA,2093_RNA,M,2016,P37,N400,C,20180430,-10,RNA,16S,no,rhizosphere,LAMPS_2018,2093_RNA
2094_M_2016_P39_N0_A_20180430_RNA,2094_RNA,M,2016,P39,N0,A,20180430,-10,RNA,16S,no,rhizosphere,LAMPS_2018,2094_RNA
2095_M_2016_P39_N0_B_20180430_RNA,2095_RNA,M,2016,P39,N0,B,20180430,-10,RNA,16S,no,rhizosphere,LAMPS_2018,2095_RNA
2096_M_2016_P39_N0_C_20180430_RNA,2096_RNA,M,2016,P39,N0,C,20180430,-10,RNA,16S,no,rhizosphere,LAMPS_2018,2096_RNA
2098_M_2016_P40_N200_B_20180430_RNA,2098_RNA,M,2016,P40,N200,B,20180430,-10,RNA,16S,no,rhizosphere,LAMPS_2018,2098_RNA
2099_M_2016_P40_N200_C_20180430_RNA,2099_RNA,M,2016,P40,N200,C,20180430,-10,RNA,16S,no,rhizosphere,LAMPS_2018,2099_RNA
2100_M_2015_P43_N200_A_20180430_RNA,2100_RNA,M,2015,P43,N200,A,20180430,-10,RNA,16S,no,rhizosphere,LAMPS_2018,2100_RNA
2101_M_2015_P43_N200_B_20180430_RNA,2101_RNA,M,2015,P43,N200,B,20180430,-10,RNA,16S,no,rhizosphere,LAMPS_2018,2101_RNA
2103_M_2015_P44_N0_A_20180430_RNA,2103_RNA,M,2015,P44,N0,A,20180430,-10,RNA,16S,no,rhizosphere,LAMPS_2018,2103_RNA
2104_M_2015_P44_N0_B_20180430_RNA,2104_RNA,M,2015,P44,N0,B,20180430,-10,RNA,16S,no,rhizosphere,LAMPS_2018,2104_RNA
2105_M_2015_P44_N0_C_20180430_RNA,2105_RNA,M,2015,P44,N0,C,20180430,-10,RNA,16S,no,rhizosphere,LAMPS_2018,2105_RNA
2106_M_2015_P45_N400_A_20180430_RNA,2106_RNA,M,2015,P45,N400,A,20180430,-10,RNA,16S,no,rhizosphere,LAMPS_2018,2106_RNA
2108_M_2015_P45_N400_C_20180430_RNA,2108_RNA,M,2015,P45,N400,C,20180430,-10,RNA,16S,no,rhizosphere,LAMPS_2018,2108_RNA
2109_C_2018_P33_N200_A_20180430_RNA,2109_RNA,C,2018,P33,N200,A,20180430,-10,RNA,16S,no,rhizosphere,LAMPS_2018,2109_RNA
2110_C_2018_P33_N200_B_20180430_RNA,2110_RNA,C,2018,P33,N200,B,20180430,-10,RNA,16S,no,rhizosphere,LAMPS_2018,2110_RNA
2111_C_2018_P33_N200_C_20180430_RNA,2111_RNA,C,2018,P33,N200,C,20180430,-10,RNA,16S,no,rhizosphere,LAMPS_2018,2111_RNA
2112_C_2018_P34_N300_A_20180430_RNA,2112_RNA,C,2018,P34,N300,A,20180430,-10,RNA,16S,no,rhizosphere,LAMPS_2018,2112_RNA
2113_C_2018_P34_N300_B_20180430_RNA,2113_RNA,C,2018,P34,N300,B,20180430,-10,RNA,16S,no,rhizosphere,LAMPS_2018,2113_RNA
2114_C_2018_P34_N300_C_20180430_RNA,2114_RNA,C,2018,P34,N300,C,20180430,-10,RNA,16S,no,rhizosphere,LAMPS_2018,2114_RNA
2115_C_2018_P35_N0_A_20180430_RNA,2115_RNA,C,2018,P35,N0,A,20180430,-10,RNA,16S,no,rhizosphere,LAMPS_2018,2115_RNA
2116_C_2018_P35_N0_B_20180430_RNA,2116_RNA,C,2018,P35,N0,B,20180430,-10,RNA,16S,no,rhizosphere,LAMPS_2018,2116_RNA
2117_C_2018_P35_N0_C_20180430_RNA,2117_RNA,C,2018,P35,N0,C,20180430,-10,RNA,16S,no,rhizosphere,LAMPS_2018,2117_RNA
2118_C_2018_P37_N300_A_20180430_RNA,2118_RNA,C,2018,P37,N300,A,20180430,-10,RNA,16S,no,rhizosphere,LAMPS_2018,2118_RNA
2119_C_2018_P37_N300_B_20180430_RNA,2119_RNA,C,2018,P37,N300,B,20180430,-10,RNA,16S,no,rhizosphere,LAMPS_2018,2119_RNA
2120_C_2018_P37_N300_C_20180430_RNA,2120_RNA,C,2018,P37,N300,C,20180430,-10,RNA,16S,no,rhizosphere,LAMPS_2018,2120_RNA
2121_C_2018_P39_N0_A_20180430_RNA,2121_RNA,C,2018,P39,N0,A,20180430,-10,RNA,16S,no,rhizosphere,LAMPS_2018,2121_RNA
2122_C_2018_P39_N0_B_20180430_RNA,2122_RNA,C,2018,P39,N0,B,20180430,-10,RNA,16S,no,rhizosphere,LAMPS_2018,2122_RNA
2123_C_2018_P39_N0_C_20180430_RNA,2123_RNA,C,2018,P39,N0,C,20180430,-10,RNA,16S,no,rhizosphere,LAMPS_2018,2123_RNA
2124_C_2018_P40_N200_A_20180430_RNA,2124_RNA,C,2018,P40,N200,A,20180430,-10,RNA,16S,no,rhizosphere,LAMPS_2018,2124_RNA
2126_C_2018_P40_N200_C_20180430_RNA,2126_RNA,C,2018,P40,N200,C,20180430,-10,RNA,16S,no,rhizosphere,LAMPS_2018,2126_RNA
2127_C_2018_P43_N200_A_20180430_RNA,2127_RNA,C,2018,P43,N200,A,20180430,-10,RNA,16S,no,rhizosphere,LAMPS_2018,2127_RNA
2128_C_2018_P43_N200_B_20180430_RNA,2128_RNA,C,2018,P43,N200,B,20180430,-10,RNA,16S,no,rhizosphere,LAMPS_2018,2128_RNA
2129_C_2018_P43_N200_C_20180430_RNA,2129_RNA,C,2018,P43,N200,C,20180430,-10,RNA,16S,no,rhizosphere,LAMPS_2018,2129_RNA
2130_C_2018_P44_N0_A_20180430_RNA,2130_RNA,C,2018,P44,N0,A,20180430,-10,RNA,16S,no,rhizosphere,LAMPS_2018,2130_RNA
2131_C_2018_P44_N0_B_20180430_RNA,2131_RNA,C,2018,P44,N0,B,20180430,-10,RNA,16S,no,rhizosphere,LAMPS_2018,2131_RNA
2132_C_2018_P44_N0_C_20180430_RNA,2132_RNA,C,2018,P44,N0,C,20180430,-10,RNA,16S,no,rhizosphere,LAMPS_2018,2132_RNA
2133_C_2018_P45_N300_A_20180430_RNA,2133_RNA,C,2018,P45,N300,A,20180430,-10,RNA,16S,no,rhizosphere,LAMPS_2018,2133_RNA
2134_C_2018_P45_N300_B_20180430_RNA,2134_RNA,C,2018,P45,N300,B,20180430,-10,RNA,16S,no,rhizosphere,LAMPS_2018,2134_RNA
2135_C_2018_P45_N300_C_20180430_RNA,2135_RNA,C,2018,P45,N300,C,20180430,-10,RNA,16S,no,rhizosphere,LAMPS_2018,2135_RNA
2136_M_2017_P46_N0_A_20180430_RNA,2136_RNA,M,2017,P46,N0,A,20180430,-10,RNA,16S,no,rhizosphere,LAMPS_2018,2136_RNA
2137_M_2017_P46_N0_B_20180430_RNA,2137_RNA,M,2017,P46,N0,B,20180430,-10,RNA,16S,no,rhizosphere,LAMPS_2018,2137_RNA
2138_M_2017_P46_N0_C_20180430_RNA,2138_RNA,M,2017,P46,N0,C,20180430,-10,RNA,16S,no,rhizosphere,LAMPS_2018,2138_RNA
2139_M_2017_P48_N400_A_20180430_RNA,2139_RNA,M,2017,P48,N400,A,20180430,-10,RNA,16S,no,rhizosphere,LAMPS_2018,2139_RNA
2140_M_2017_P48_N400_B_20180430_RNA,2140_RNA,M,2017,P48,N400,B,20180430,-10,RNA,16S,no,rhizosphere,LAMPS_2018,2140_RNA
2141_M_2017_P48_N400_C_20180430_RNA,2141_RNA,M,2017,P48,N400,C,20180430,-10,RNA,16S,no,rhizosphere,LAMPS_2018,2141_RNA
2142_M_2017_P50_N200_A_20180430_RNA,2142_RNA,M,2017,P50,N200,A,20180430,-10,RNA,16S,no,rhizosphere,LAMPS_2018,2142_RNA
2143_M_2017_P50_N200_B_20180430_RNA,2143_RNA,M,2017,P50,N200,B,20180430,-10,RNA,16S,no,rhizosphere,LAMPS_2018,2143_RNA
2144_M_2017_P50_N200_C_20180430_RNA,2144_RNA,M,2017,P50,N200,C,20180430,-10,RNA,16S,no,rhizosphere,LAMPS_2018,2144_RNA
2145_M_2015_P53_N400_A_20180430_RNA,2145_RNA,M,2015,P53,N400,A,20180430,-10,RNA,16S,no,rhizosphere,LAMPS_2018,2145_RNA
2146_M_2015_P53_N400_B_20180430_RNA,2146_RNA,M,2015,P53,N400,B,20180430,-10,RNA,16S,no,rhizosphere,LAMPS_2018,2146_RNA
2147_M_2015_P53_N400_C_20180430_RNA,2147_RNA,M,2015,P53,N400,C,20180430,-10,RNA,16S,no,rhizosphere,LAMPS_2018,2147_RNA
2148_M_2015_P54_N200_A_20180430_RNA,2148_RNA,M,2015,P54,N200,A,20180430,-10,RNA,16S,no,rhizosphere,LAMPS_2018,2148_RNA
2149_M_2015_P54_N200_B_20180430_RNA,2149_RNA,M,2015,P54,N200,B,20180430,-10,RNA,16S,no,rhizosphere,LAMPS_2018,2149_RNA
2150_M_2015_P54_N200_C_20180430_RNA,2150_RNA,M,2015,P54,N200,C,20180430,-10,RNA,16S,no,rhizosphere,LAMPS_2018,2150_RNA
2151_M_2015_P55_N0_A_20180430_RNA,2151_RNA,M,2015,P55,N0,A,20180430,-10,RNA,16S,no,rhizosphere,LAMPS_2018,2151_RNA
2152_M_2015_P55_N0_B_20180430_RNA,2152_RNA,M,2015,P55,N0,B,20180430,-10,RNA,16S,no,rhizosphere,LAMPS_2018,2152_RNA
2153_M_2015_P55_N0_C_20180430_RNA,2153_RNA,M,2015,P55,N0,C,20180430,-10,RNA,16S,no,rhizosphere,LAMPS_2018,2153_RNA
2154_M_2016_P56_N0_A_20180430_RNA,2154_RNA,M,2016,P56,N0,A,20180430,-10,RNA,16S,no,rhizosphere,LAMPS_2018,2154_RNA
2155_M_2016_P56_N0_B_20180430_RNA,2155_RNA,M,2016,P56,N0,B,20180430,-10,RNA,16S,no,rhizosphere,LAMPS_2018,2155_RNA
2156_M_2016_P56_N0_C_20180430_RNA,2156_RNA,M,2016,P56,N0,C,20180430,-10,RNA,16S,no,rhizosphere,LAMPS_2018,2156_RNA
2157_M_2016_P58_N400_A_20180430_RNA,2157_RNA,M,2016,P58,N400,A,20180430,-10,RNA,16S,no,rhizosphere,LAMPS_2018,2157_RNA
2158_M_2016_P58_N400_B_20180430_RNA,2158_RNA,M,2016,P58,N400,B,20180430,-10,RNA,16S,no,rhizosphere,LAMPS_2018,2158_RNA
2159_M_2016_P58_N400_C_20180430_RNA,2159_RNA,M,2016,P58,N400,C,20180430,-10,RNA,16S,no,rhizosphere,LAMPS_2018,2159_RNA
2160_M_2016_P60_N200_A_20180430_RNA,2160_RNA,M,2016,P60,N200,A,20180430,-10,RNA,16S,no,rhizosphere,LAMPS_2018,2160_RNA
2161_M_2016_P60_N200_B_20180430_RNA,2161_RNA,M,2016,P60,N200,B,20180430,-10,RNA,16S,no,rhizosphere,LAMPS_2018,2161_RNA
2162_M_2016_P60_N200_C_20180430_RNA,2162_RNA,M,2016,P60,N200,C,20180430,-10,RNA,16S,no,rhizosphere,LAMPS_2018,2162_RNA
3001_C_2018_P3_N300_A_20180514_RNA,3001_RNA,C,2018,P3,N300,A,20180514,5,RNA,16S,yes,rhizosphere,LAMPS_2018,3001_RNA
3002_C_2018_P3_N300_B_20180514_RNA,3002_RNA,C,2018,P3,N300,B,20180514,5,RNA,16S,yes,rhizosphere,LAMPS_2018,3002_RNA
3003_C_2018_P4_N0_A_20180514_RNA,3003_RNA,C,2018,P4,N0,A,20180514,5,RNA,16S,yes,rhizosphere,LAMPS_2018,3003_RNA
3004_C_2018_P4_N0_B_20180514_RNA,3004_RNA,C,2018,P4,N0,B,20180514,5,RNA,16S,yes,rhizosphere,LAMPS_2018,3004_RNA
3005_C_2018_P5_N200_A_20180514_RNA,3005_RNA,C,2018,P5,N200,A,20180514,5,RNA,16S,yes,rhizosphere,LAMPS_2018,3005_RNA
3006_C_2018_P5_N200_B_20180514_RNA,3006_RNA,C,2018,P5,N200,B,20180514,5,RNA,16S,yes,rhizosphere,LAMPS_2018,3006_RNA
3007_C_2018_P6_N300_A_20180514_RNA,3007_RNA,C,2018,P6,N300,A,20180514,5,RNA,16S,yes,rhizosphere,LAMPS_2018,3007_RNA
3008_C_2018_P6_N300_B_20180514_RNA,3008_RNA,C,2018,P6,N300,B,20180514,5,RNA,16S,yes,rhizosphere,LAMPS_2018,3008_RNA
3009_C_2018_P7_N0_A_20180514_RNA,3009_RNA,C,2018,P7,N0,A,20180514,5,RNA,16S,yes,rhizosphere,LAMPS_2018,3009_RNA
3010_C_2018_P7_N0_B_20180514_RNA,3010_RNA,C,2018,P7,N0,B,20180514,5,RNA,16S,yes,rhizosphere,LAMPS_2018,3010_RNA
3011_C_2018_P9_N200_A_20180514_RNA,3011_RNA,C,2018,P9,N200,A,20180514,5,RNA,16S,yes,rhizosphere,LAMPS_2018,3011_RNA
3012_C_2018_P9_N200_B_20180514_RNA,3012_RNA,C,2018,P9,N200,B,20180514,5,RNA,16S,yes,rhizosphere,LAMPS_2018,3012_RNA
3013_C_2018_P12_N200_A_20180514_RNA,3013_RNA,C,2018,P12,N200,A,20180514,5,RNA,16S,yes,rhizosphere,LAMPS_2018,3013_RNA
3014_C_2018_P12_N200_B_20180514_RNA,3014_RNA,C,2018,P12,N200,B,20180514,5,RNA,16S,yes,rhizosphere,LAMPS_2018,3014_RNA
3015_C_2018_P13_N300_A_20180514_RNA,3015_RNA,C,2018,P13,N300,A,20180514,5,RNA,16S,yes,rhizosphere,LAMPS_2018,3015_RNA
3016_C_2018_P13_N300_B_20180514_RNA,3016_RNA,C,2018,P13,N300,B,20180514,5,RNA,16S,yes,rhizosphere,LAMPS_2018,3016_RNA
3017_C_2018_P14_N0_A_20180514_RNA,3017_RNA,C,2018,P14,N0,A,20180514,5,RNA,16S,yes,rhizosphere,LAMPS_2018,3017_RNA
3018_C_2018_P14_N0_B_20180514_RNA,3018_RNA,C,2018,P14,N0,B,20180514,5,RNA,16S,yes,rhizosphere,LAMPS_2018,3018_RNA
3019_M_2015_P3_N400_A_20180514_RNA,3019_RNA,M,2015,P3,N400,A,20180514,5,RNA,16S,yes,rhizosphere,LAMPS_2018,3019_RNA
3020_M_2015_P3_N400_B_20180514_RNA,3020_RNA,M,2015,P3,N400,B,20180514,5,RNA,16S,yes,rhizosphere,LAMPS_2018,3020_RNA
3021_M_2015_P4_N0_A_20180514_RNA,3021_RNA,M,2015,P4,N0,A,20180514,5,RNA,16S,yes,rhizosphere,LAMPS_2018,3021_RNA
3022_M_2015_P4_N0_B_20180514_RNA,3022_RNA,M,2015,P4,N0,B,20180514,5,RNA,16S,yes,rhizosphere,LAMPS_2018,3022_RNA
3023_M_2015_P5_N200_A_20180514_RNA,3023_RNA,M,2015,P5,N200,A,20180514,5,RNA,16S,yes,rhizosphere,LAMPS_2018,3023_RNA
3024_M_2015_P5_N200_B_20180514_RNA,3024_RNA,M,2015,P5,N200,B,20180514,5,RNA,16S,yes,rhizosphere,LAMPS_2018,3024_RNA
3025_M_2016_P6_N400_A_20180514_RNA,3025_RNA,M,2016,P6,N400,A,20180514,5,RNA,16S,yes,rhizosphere,LAMPS_2018,3025_RNA
3026_M_2016_P6_N400_B_20180514_RNA,3026_RNA,M,2016,P6,N400,B,20180514,5,RNA,16S,yes,rhizosphere,LAMPS_2018,3026_RNA
3027_M_2016_P7_N0_A_20180514_RNA,3027_RNA,M,2016,P7,N0,A,20180514,5,RNA,16S,yes,rhizosphere,LAMPS_2018,3027_RNA
3028_M_2016_P7_N0_B_20180514_RNA,3028_RNA,M,2016,P7,N0,B,20180514,5,RNA,16S,yes,rhizosphere,LAMPS_2018,3028_RNA
3029_M_2016_P9_N200_A_20180514_RNA,3029_RNA,M,2016,P9,N200,A,20180514,5,RNA,16S,yes,rhizosphere,LAMPS_2018,3029_RNA
3030_M_2016_P9_N200_B_20180514_RNA,3030_RNA,M,2016,P9,N200,B,20180514,5,RNA,16S,yes,rhizosphere,LAMPS_2018,3030_RNA
3031_M_2017_P12_N200_A_20180514_RNA,3031_RNA,M,2017,P12,N200,A,20180514,5,RNA,16S,yes,rhizosphere,LAMPS_2018,3031_RNA
3032_M_2017_P12_N200_B_20180514_RNA,3032_RNA,M,2017,P12,N200,B,20180514,5,RNA,16S,yes,rhizosphere,LAMPS_2018,3032_RNA
3033_M_2017_P13_N400_A_20180514_RNA,3033_RNA,M,2017,P13,N400,A,20180514,5,RNA,16S,yes,rhizosphere,LAMPS_2018,3033_RNA
3034_M_2017_P13_N400_B_20180514_RNA,3034_RNA,M,2017,P13,N400,B,20180514,5,RNA,16S,yes,rhizosphere,LAMPS_2018,3034_RNA
3035_M_2017_P14_N0_A_20180514_RNA,3035_RNA,M,2017,P14,N0,A,20180514,5,RNA,16S,yes,rhizosphere,LAMPS_2018,3035_RNA
3036_M_2017_P14_N0_B_20180514_RNA,3036_RNA,M,2017,P14,N0,B,20180514,5,RNA,16S,yes,rhizosphere,LAMPS_2018,3036_RNA
3037_M_2016_P17_N400_A_20180514_RNA,3037_RNA,M,2016,P17,N400,A,20180514,5,RNA,16S,yes,rhizosphere,LAMPS_2018,3037_RNA
3038_M_2016_P17_N400_B_20180514_RNA,3038_RNA,M,2016,P17,N400,B,20180514,5,RNA,16S,yes,rhizosphere,LAMPS_2018,3038_RNA
3039_M_2016_P18_N200_A_20180514_RNA,3039_RNA,M,2016,P18,N200,A,20180514,5,RNA,16S,yes,rhizosphere,LAMPS_2018,3039_RNA
3040_M_2016_P18_N200_B_20180514_RNA,3040_RNA,M,2016,P18,N200,B,20180514,5,RNA,16S,yes,rhizosphere,LAMPS_2018,3040_RNA
3041_M_2016_P19_N0_A_20180514_RNA,3041_RNA,M,2016,P19,N0,A,20180514,5,RNA,16S,yes,rhizosphere,LAMPS_2018,3041_RNA
3042_M_2016_P19_N0_B_20180514_RNA,3042_RNA,M,2016,P19,N0,B,20180514,5,RNA,16S,yes,rhizosphere,LAMPS_2018,3042_RNA
3043_M_2017_P22_N400_A_20180514_RNA,3043_RNA,M,2017,P22,N400,A,20180514,5,RNA,16S,yes,rhizosphere,LAMPS_2018,3043_RNA
3044_M_2017_P22_N400_B_20180514_RNA,3044_RNA,M,2017,P22,N400,B,20180514,5,RNA,16S,yes,rhizosphere,LAMPS_2018,3044_RNA
3045_M_2017_P24_N0_A_20180514_RNA,3045_RNA,M,2017,P24,N0,A,20180514,5,RNA,16S,yes,rhizosphere,LAMPS_2018,3045_RNA
3046_M_2017_P24_N0_B_20180514_RNA,3046_RNA,M,2017,P24,N0,B,20180514,5,RNA,16S,yes,rhizosphere,LAMPS_2018,3046_RNA
3047_M_2017_P25_N200_A_20180514_RNA,3047_RNA,M,2017,P25,N200,A,20180514,5,RNA,16S,yes,rhizosphere,LAMPS_2018,3047_RNA
3048_M_2017_P25_N200_B_20180514_RNA,3048_RNA,M,2017,P25,N200,B,20180514,5,RNA,16S,yes,rhizosphere,LAMPS_2018,3048_RNA
3049_M_2015_P27_N400_A_20180514_RNA,3049_RNA,M,2015,P27,N400,A,20180514,5,RNA,16S,yes,rhizosphere,LAMPS_2018,3049_RNA
3050_M_2015_P27_N400_B_20180514_RNA,3050_RNA,M,2015,P27,N400,B,20180514,5,RNA,16S,yes,rhizosphere,LAMPS_2018,3050_RNA
3051_M_2015_P28_N0_A_20180514_RNA,3051_RNA,M,2015,P28,N0,A,20180514,5,RNA,16S,yes,rhizosphere,LAMPS_2018,3051_RNA
3052_M_2015_P28_N0_B_20180514_RNA,3052_RNA,M,2015,P28,N0,B,20180514,5,RNA,16S,yes,rhizosphere,LAMPS_2018,3052_RNA
3053_M_2015_P30_N200_A_20180514_RNA,3053_RNA,M,2015,P30,N200,A,20180514,5,RNA,16S,yes,rhizosphere,LAMPS_2018,3053_RNA
3054_M_2015_P30_N200_B_20180514_RNA,3054_RNA,M,2015,P30,N200,B,20180514,5,RNA,16S,yes,rhizosphere,LAMPS_2018,3054_RNA
3055_M_2017_P33_N200_A_20180514_RNA,3055_RNA,M,2017,P33,N200,A,20180514,5,RNA,16S,yes,rhizosphere,LAMPS_2018,3055_RNA
3056_M_2017_P33_N200_B_20180514_RNA,3056_RNA,M,2017,P33,N200,B,20180514,5,RNA,16S,yes,rhizosphere,LAMPS_2018,3056_RNA
3057_M_2017_P34_N400_A_20180514_RNA,3057_RNA,M,2017,P34,N400,A,20180514,5,RNA,16S,yes,rhizosphere,LAMPS_2018,3057_RNA
3058_M_2017_P34_N400_B_20180514_RNA,3058_RNA,M,2017,P34,N400,B,20180514,5,RNA,16S,yes,rhizosphere,LAMPS_2018,3058_RNA
3059_M_2017_P35_N0_A_20180514_RNA,3059_RNA,M,2017,P35,N0,A,20180514,5,RNA,16S,yes,rhizosphere,LAMPS_2018,3059_RNA
3060_M_2017_P35_N0_B_20180514_RNA,3060_RNA,M,2017,P35,N0,B,20180514,5,RNA,16S,yes,rhizosphere,LAMPS_2018,3060_RNA
3061_M_2016_P37_N400_A_20180514_RNA,3061_RNA,M,2016,P37,N400,A,20180514,5,RNA,16S,yes,rhizosphere,LAMPS_2018,3061_RNA
3062_M_2016_P37_N400_B_20180514_RNA,3062_RNA,M,2016,P37,N400,B,20180514,5,RNA,16S,yes,rhizosphere,LAMPS_2018,3062_RNA
3063_M_2016_P39_N0_A_20180514_RNA,3063_RNA,M,2016,P39,N0,A,20180514,5,RNA,16S,yes,rhizosphere,LAMPS_2018,3063_RNA
3064_M_2016_P39_N0_B_20180514_RNA,3064_RNA,M,2016,P39,N0,B,20180514,5,RNA,16S,yes,rhizosphere,LAMPS_2018,3064_RNA
3065_M_2016_P40_N200_A_20180514_RNA,3065_RNA,M,2016,P40,N200,A,20180514,5,RNA,16S,yes,rhizosphere,LAMPS_2018,3065_RNA
3066_M_2016_P40_N200_B_20180514_RNA,3066_RNA,M,2016,P40,N200,B,20180514,5,RNA,16S,yes,rhizosphere,LAMPS_2018,3066_RNA
3067_M_2015_P43_N200_A_20180514_RNA,3067_RNA,M,2015,P43,N200,A,20180514,5,RNA,16S,yes,rhizosphere,LAMPS_2018,3067_RNA
3068_M_2015_P43_N200_B_20180514_RNA,3068_RNA,M,2015,P43,N200,B,20180514,5,RNA,16S,yes,rhizosphere,LAMPS_2018,3068_RNA
3069_M_2015_P44_N0_A_20180514_RNA,3069_RNA,M,2015,P44,N0,A,20180514,5,RNA,16S,yes,rhizosphere,LAMPS_2018,3069_RNA
3070_M_2015_P44_N0_B_20180514_RNA,3070_RNA,M,2015,P44,N0,B,20180514,5,RNA,16S,yes,rhizosphere,LAMPS_2018,3070_RNA
3071_M_2015_P45_N400_A_20180514_RNA,3071_RNA,M,2015,P45,N400,A,20180514,5,RNA,16S,yes,rhizosphere,LAMPS_2018,3071_RNA
3072_M_2015_P45_N400_B_20180514_RNA,3072_RNA,M,2015,P45,N400,B,20180514,5,RNA,16S,yes,rhizosphere,LAMPS_2018,3072_RNA
3073_C_2018_P33_N200_A_20180514_RNA,3073_RNA,C,2018,P33,N200,A,20180514,5,RNA,16S,yes,rhizosphere,LAMPS_2018,3073_RNA
3074_C_2018_P33_N200_B_20180514_RNA,3074_RNA,C,2018,P33,N200,B,20180514,5,RNA,16S,yes,rhizosphere,LAMPS_2018,3074_RNA
3075_C_2018_P34_N300_A_20180514_RNA,3075_RNA,C,2018,P34,N300,A,20180514,5,RNA,16S,yes,rhizosphere,LAMPS_2018,3075_RNA
3076_C_2018_P34_N300_B_20180514_RNA,3076_RNA,C,2018,P34,N300,B,20180514,5,RNA,16S,yes,rhizosphere,LAMPS_2018,3076_RNA
3077_C_2018_P35_N0_A_20180514_RNA,3077_RNA,C,2018,P35,N0,A,20180514,5,RNA,16S,yes,rhizosphere,LAMPS_2018,3077_RNA
3078_C_2018_P35_N0_B_20180514_RNA,3078_RNA,C,2018,P35,N0,B,20180514,5,RNA,16S,yes,rhizosphere,LAMPS_2018,3078_RNA
3079_C_2018_P37_N300_A_20180514_RNA,3079_RNA,C,2018,P37,N300,A,20180514,5,RNA,16S,yes,rhizosphere,LAMPS_2018,3079_RNA
3080_C_2018_P37_N300_B_20180514_RNA,3080_RNA,C,2018,P37,N300,B,20180514,5,RNA,16S,yes,rhizosphere,LAMPS_2018,3080_RNA
3081_C_2018_P39_N0_A_20180514_RNA,3081_RNA,C,2018,P39,N0,A,20180514,5,RNA,16S,yes,rhizosphere,LAMPS_2018,3081_RNA
3082_C_2018_P39_N0_B_20180514_RNA,3082_RNA,C,2018,P39,N0,B,20180514,5,RNA,16S,yes,rhizosphere,LAMPS_2018,3082_RNA
3083_C_2018_P40_N200_A_20180514_RNA,3083_RNA,C,2018,P40,N200,A,20180514,5,RNA,16S,yes,rhizosphere,LAMPS_2018,3083_RNA
3084_C_2018_P40_N200_B_20180514_RNA,3084_RNA,C,2018,P40,N200,B,20180514,5,RNA,16S,yes,rhizosphere,LAMPS_2018,3084_RNA
3085_C_2018_P43_N200_A_20180514_RNA,3085_RNA,C,2018,P43,N200,A,20180514,5,RNA,16S,yes,rhizosphere,LAMPS_2018,3085_RNA
3086_C_2018_P43_N200_B_20180514_RNA,3086_RNA,C,2018,P43,N200,B,20180514,5,RNA,16S,yes,rhizosphere,LAMPS_2018,3086_RNA
3087_C_2018_P44_N0_A_20180514_RNA,3087_RNA,C,2018,P44,N0,A,20180514,5,RNA,16S,yes,rhizosphere,LAMPS_2018,3087_RNA
3088_C_2018_P44_N0_B_20180514_RNA,3088_RNA,C,2018,P44,N0,B,20180514,5,RNA,16S,yes,rhizosphere,LAMPS_2018,3088_RNA
3089_C_2018_P45_N300_A_20180514_RNA,3089_RNA,C,2018,P45,N300,A,20180514,5,RNA,16S,yes,rhizosphere,LAMPS_2018,3089_RNA
3090_C_2018_P45_N300_B_20180514_RNA,3090_RNA,C,2018,P45,N300,B,20180514,5,RNA,16S,yes,rhizosphere,LAMPS_2018,3090_RNA
3091_M_2017_P46_N0_A_20180514_RNA,3091_RNA,M,2017,P46,N0,A,20180514,5,RNA,16S,yes,rhizosphere,LAMPS_2018,3091_RNA
3092_M_2017_P46_N0_B_20180514_RNA,3092_RNA,M,2017,P46,N0,B,20180514,5,RNA,16S,yes,rhizosphere,LAMPS_2018,3092_RNA
3093_M_2017_P48_N400_A_20180514_RNA,3093_RNA,M,2017,P48,N400,A,20180514,5,RNA,16S,yes,rhizosphere,LAMPS_2018,3093_RNA
3094_M_2017_P48_N400_B_20180514_RNA,3094_RNA,M,2017,P48,N400,B,20180514,5,RNA,16S,yes,rhizosphere,LAMPS_2018,3094_RNA
3095_M_2017_P50_N200_A_20180514_RNA,3095_RNA,M,2017,P50,N200,A,20180514,5,RNA,16S,yes,rhizosphere,LAMPS_2018,3095_RNA
3096_M_2017_P50_N200_B_20180514_RNA,3096_RNA,M,2017,P50,N200,B,20180514,5,RNA,16S,yes,rhizosphere,LAMPS_2018,3096_RNA
3097_M_2015_P53_N400_A_20180514_RNA,3097_RNA,M,2015,P53,N400,A,20180514,5,RNA,16S,yes,rhizosphere,LAMPS_2018,3097_RNA
3098_M_2015_P53_N400_B_20180514_RNA,3098_RNA,M,2015,P53,N400,B,20180514,5,RNA,16S,yes,rhizosphere,LAMPS_2018,3098_RNA
3099_M_2015_P54_N200_A_20180514_RNA,3099_RNA,M,2015,P54,N200,A,20180514,5,RNA,16S,yes,rhizosphere,LAMPS_2018,3099_RNA
3100_M_2015_P54_N200_B_20180514_RNA,3100_RNA,M,2015,P54,N200,B,20180514,5,RNA,16S,yes,rhizosphere,LAMPS_2018,3100_RNA
3101_M_2015_P55_N0_A_20180514_RNA,3101_RNA,M,2015,P55,N0,A,20180514,5,RNA,16S,yes,rhizosphere,LAMPS_2018,3101_RNA
3102_M_2015_P55_N0_B_20180514_RNA,3102_RNA,M,2015,P55,N0,B,20180514,5,RNA,16S,yes,rhizosphere,LAMPS_2018,3102_RNA
3103_M_2016_P56_N0_A_20180514_RNA,3103_RNA,M,2016,P56,N0,A,20180514,5,RNA,16S,yes,rhizosphere,LAMPS_2018,3103_RNA
3104_M_2016_P56_N0_B_20180514_RNA,3104_RNA,M,2016,P56,N0,B,20180514,5,RNA,16S,yes,rhizosphere,LAMPS_2018,3104_RNA
3105_M_2016_P58_N400_A_20180514_RNA,3105_RNA,M,2016,P58,N400,A,20180514,5,RNA,16S,yes,rhizosphere,LAMPS_2018,3105_RNA
3106_M_2016_P58_N400_B_20180514_RNA,3106_RNA,M,2016,P58,N400,B,20180514,5,RNA,16S,yes,rhizosphere,LAMPS_2018,3106_RNA
3107_M_2016_P60_N200_A_20180514_RNA,3107_RNA,M,2016,P60,N200,A,20180514,5,RNA,16S,yes,rhizosphere,LAMPS_2018,3107_RNA
3108_M_2016_P60_N200_B_20180514_RNA,3108_RNA,M,2016,P60,N200,B,20180514,5,RNA,16S,yes,rhizosphere,LAMPS_2018,3108_RNA
4001_C_2018_P3_N300_A_20180530_RNA,4001_RNA,C,2018,P3,N300,A,20180530,21,RNA,16S,yes,rhizosphere,LAMPS_2018,4001_RNA
4002_C_2018_P3_N300_B_20180530_RNA,4002_RNA,C,2018,P3,N300,B,20180530,21,RNA,16S,yes,rhizosphere,LAMPS_2018,4002_RNA
4003_C_2018_P4_N0_A_20180530_RNA,4003_RNA,C,2018,P4,N0,A,20180530,21,RNA,16S,yes,rhizosphere,LAMPS_2018,4003_RNA
4004_C_2018_P4_N0_B_20180530_RNA,4004_RNA,C,2018,P4,N0,B,20180530,21,RNA,16S,yes,rhizosphere,LAMPS_2018,4004_RNA
4005_C_2018_P5_N200_A_20180530_RNA,4005_RNA,C,2018,P5,N200,A,20180530,21,RNA,16S,yes,rhizosphere,LAMPS_2018,4005_RNA
4006_C_2018_P5_N200_B_20180530_RNA,4006_RNA,C,2018,P5,N200,B,20180530,21,RNA,16S,yes,rhizosphere,LAMPS_2018,4006_RNA
4007_C_2018_P6_N300_A_20180530_RNA,4007_RNA,C,2018,P6,N300,A,20180530,21,RNA,16S,yes,rhizosphere,LAMPS_2018,4007_RNA
4008_C_2018_P6_N300_B_20180530_RNA,4008_RNA,C,2018,P6,N300,B,20180530,21,RNA,16S,yes,rhizosphere,LAMPS_2018,4008_RNA
4009_C_2018_P7_N0_A_20180530_RNA,4009_RNA,C,2018,P7,N0,A,20180530,21,RNA,16S,yes,rhizosphere,LAMPS_2018,4009_RNA
4010_C_2018_P7_N0_B_20180530_RNA,4010_RNA,C,2018,P7,N0,B,20180530,21,RNA,16S,yes,rhizosphere,LAMPS_2018,4010_RNA
4011_C_2018_P9_N200_A_20180530_RNA,4011_RNA,C,2018,P9,N200,A,20180530,21,RNA,16S,yes,rhizosphere,LAMPS_2018,4011_RNA
4012_C_2018_P9_N200_B_20180530_RNA,4012_RNA,C,2018,P9,N200,B,20180530,21,RNA,16S,yes,rhizosphere,LAMPS_2018,4012_RNA
4013_C_2018_P12_N200_A_20180530_RNA,4013_RNA,C,2018,P12,N200,A,20180530,21,RNA,16S,yes,rhizosphere,LAMPS_2018,4013_RNA
4014_C_2018_P12_N200_B_20180530_RNA,4014_RNA,C,2018,P12,N200,B,20180530,21,RNA,16S,yes,rhizosphere,LAMPS_2018,4014_RNA
4015_C_2018_P13_N300_A_20180530_RNA,4015_RNA,C,2018,P13,N300,A,20180530,21,RNA,16S,yes,rhizosphere,LAMPS_2018,4015_RNA
4016_C_2018_P13_N300_B_20180530_RNA,4016_RNA,C,2018,P13,N300,B,20180530,21,RNA,16S,yes,rhizosphere,LAMPS_2018,4016_RNA
4017_C_2018_P14_N0_A_20180530_RNA,4017_RNA,C,2018,P14,N0,A,20180530,21,RNA,16S,yes,rhizosphere,LAMPS_2018,4017_RNA
4018_C_2018_P14_N0_B_20180530_RNA,4018_RNA,C,2018,P14,N0,B,20180530,21,RNA,16S,yes,rhizosphere,LAMPS_2018,4018_RNA
4019_M_2015_P3_N400_A_20180530_RNA,4019_RNA,M,2015,P3,N400,A,20180530,21,RNA,16S,yes,rhizosphere,LAMPS_2018,4019_RNA
4020_M_2015_P3_N400_B_20180530_RNA,4020_RNA,M,2015,P3,N400,B,20180530,21,RNA,16S,yes,rhizosphere,LAMPS_2018,4020_RNA
4021_M_2015_P4_N0_A_20180530_RNA,4021_RNA,M,2015,P4,N0,A,20180530,21,RNA,16S,yes,rhizosphere,LAMPS_2018,4021_RNA
4022_M_2015_P4_N0_B_20180530_RNA,4022_RNA,M,2015,P4,N0,B,20180530,21,RNA,16S,yes,rhizosphere,LAMPS_2018,4022_RNA
4023_M_2015_P5_N200_A_20180530_RNA,4023_RNA,M,2015,P5,N200,A,20180530,21,RNA,16S,yes,rhizosphere,LAMPS_2018,4023_RNA
4024_M_2015_P5_N200_B_20180530_RNA,4024_RNA,M,2015,P5,N200,B,20180530,21,RNA,16S,yes,rhizosphere,LAMPS_2018,4024_RNA
4025_M_2016_P6_N400_A_20180530_RNA,4025_RNA,M,2016,P6,N400,A,20180530,21,RNA,16S,yes,rhizosphere,LAMPS_2018,4025_RNA
4026_M_2016_P6_N400_B_20180530_RNA,4026_RNA,M,2016,P6,N400,B,20180530,21,RNA,16S,yes,rhizosphere,LAMPS_2018,4026_RNA
4027_M_2016_P7_N0_A_20180530_RNA,4027_RNA,M,2016,P7,N0,A,20180530,21,RNA,16S,yes,rhizosphere,LAMPS_2018,4027_RNA
4028_M_2016_P7_N0_B_20180530_RNA,4028_RNA,M,2016,P7,N0,B,20180530,21,RNA,16S,yes,rhizosphere,LAMPS_2018,4028_RNA
4029_M_2016_P9_N200_A_20180530_RNA,4029_RNA,M,2016,P9,N200,A,20180530,21,RNA,16S,yes,rhizosphere,LAMPS_2018,4029_RNA
4030_M_2016_P9_N200_B_20180530_RNA,4030_RNA,M,2016,P9,N200,B,20180530,21,RNA,16S,yes,rhizosphere,LAMPS_2018,4030_RNA
4031_M_2017_P12_N200_A_20180530_RNA,4031_RNA,M,2017,P12,N200,A,20180530,21,RNA,16S,yes,rhizosphere,LAMPS_2018,4031_RNA
4032_M_2017_P12_N200_B_20180530_RNA,4032_RNA,M,2017,P12,N200,B,20180530,21,RNA,16S,yes,rhizosphere,LAMPS_2018,4032_RNA
4033_M_2017_P13_N400_A_20180530_RNA,4033_RNA,M,2017,P13,N400,A,20180530,21,RNA,16S,yes,rhizosphere,LAMPS_2018,4033_RNA
4034_M_2017_P13_N400_B_20180530_RNA,4034_RNA,M,2017,P13,N400,B,20180530,21,RNA,16S,yes,rhizosphere,LAMPS_2018,4034_RNA
4035_M_2017_P14_N0_A_20180530_RNA,4035_RNA,M,2017,P14,N0,A,20180530,21,RNA,16S,yes,rhizosphere,LAMPS_2018,4035_RNA
4036_M_2017_P14_N0_B_20180530_RNA,4036_RNA,M,2017,P14,N0,B,20180530,21,RNA,16S,yes,rhizosphere,LAMPS_2018,4036_RNA
4037_M_2016_P17_N400_A_20180530_RNA,4037_RNA,M,2016,P17,N400,A,20180530,21,RNA,16S,yes,rhizosphere,LAMPS_2018,4037_RNA
4038_M_2016_P17_N400_B_20180530_RNA,4038_RNA,M,2016,P17,N400,B,20180530,21,RNA,16S,yes,rhizosphere,LAMPS_2018,4038_RNA
4039_M_2016_P18_N200_A_20180530_RNA,4039_RNA,M,2016,P18,N200,A,20180530,21,RNA,16S,yes,rhizosphere,LAMPS_2018,4039_RNA
4040_M_2016_P18_N200_B_20180530_RNA,4040_RNA,M,2016,P18,N200,B,20180530,21,RNA,16S,yes,rhizosphere,LAMPS_2018,4040_RNA
4041_M_2016_P19_N0_A_20180530_RNA,4041_RNA,M,2016,P19,N0,A,20180530,21,RNA,16S,yes,rhizosphere,LAMPS_2018,4041_RNA
4042_M_2016_P19_N0_B_20180530_RNA,4042_RNA,M,2016,P19,N0,B,20180530,21,RNA,16S,yes,rhizosphere,LAMPS_2018,4042_RNA
4043_M_2017_P22_N400_A_20180530_RNA,4043_RNA,M,2017,P22,N400,A,20180530,21,RNA,16S,yes,rhizosphere,LAMPS_2018,4043_RNA
4044_M_2017_P22_N400_B_20180530_RNA,4044_RNA,M,2017,P22,N400,B,20180530,21,RNA,16S,yes,rhizosphere,LAMPS_2018,4044_RNA
4045_M_2017_P24_N0_A_20180530_RNA,4045_RNA,M,2017,P24,N0,A,20180530,21,RNA,16S,yes,rhizosphere,LAMPS_2018,4045_RNA
4046_M_2017_P24_N0_B_20180530_RNA,4046_RNA,M,2017,P24,N0,B,20180530,21,RNA,16S,yes,rhizosphere,LAMPS_2018,4046_RNA
4047_M_2017_P25_N200_A_20180530_RNA,4047_RNA,M,2017,P25,N200,A,20180530,21,RNA,16S,yes,rhizosphere,LAMPS_2018,4047_RNA
4048_M_2017_P25_N200_B_20180530_RNA,4048_RNA,M,2017,P25,N200,B,20180530,21,RNA,16S,yes,rhizosphere,LAMPS_2018,4048_RNA
4049_M_2015_P27_N400_A_20180530_RNA,4049_RNA,M,2015,P27,N400,A,20180530,21,RNA,16S,yes,rhizosphere,LAMPS_2018,4049_RNA
4050_M_2015_P27_N400_B_20180530_RNA,4050_RNA,M,2015,P27,N400,B,20180530,21,RNA,16S,yes,rhizosphere,LAMPS_2018,4050_RNA
4051_M_2015_P28_N0_A_20180530_RNA,4051_RNA,M,2015,P28,N0,A,20180530,21,RNA,16S,yes,rhizosphere,LAMPS_2018,4051_RNA
4052_M_2015_P28_N0_B_20180530_RNA,4052_RNA,M,2015,P28,N0,B,20180530,21,RNA,16S,yes,rhizosphere,LAMPS_2018,4052_RNA
4053_M_2015_P30_N200_A_20180530_RNA,4053_RNA,M,2015,P30,N200,A,20180530,21,RNA,16S,yes,rhizosphere,LAMPS_2018,4053_RNA
4054_M_2015_P30_N200_B_20180530_RNA,4054_RNA,M,2015,P30,N200,B,20180530,21,RNA,16S,yes,rhizosphere,LAMPS_2018,4054_RNA
4055_M_2017_P33_N200_A_20180530_RNA,4055_RNA,M,2017,P33,N200,A,20180530,21,RNA,16S,yes,rhizosphere,LAMPS_2018,4055_RNA
4056_M_2017_P33_N200_B_20180530_RNA,4056_RNA,M,2017,P33,N200,B,20180530,21,RNA,16S,yes,rhizosphere,LAMPS_2018,4056_RNA
4057_M_2017_P34_N400_A_20180530_RNA,4057_RNA,M,2017,P34,N400,A,20180530,21,RNA,16S,yes,rhizosphere,LAMPS_2018,4057_RNA
4058_M_2017_P34_N400_B_20180530_RNA,4058_RNA,M,2017,P34,N400,B,20180530,21,RNA,16S,yes,rhizosphere,LAMPS_2018,4058_RNA
4059_M_2017_P35_N0_A_20180530_RNA,4059_RNA,M,2017,P35,N0,A,20180530,21,RNA,16S,yes,rhizosphere,LAMPS_2018,4059_RNA
4060_M_2017_P35_N0_B_20180530_RNA,4060_RNA,M,2017,P35,N0,B,20180530,21,RNA,16S,yes,rhizosphere,LAMPS_2018,4060_RNA
4061_M_2016_P37_N400_A_20180530_RNA,4061_RNA,M,2016,P37,N400,A,20180530,21,RNA,16S,yes,rhizosphere,LAMPS_2018,4061_RNA
4062_M_2016_P37_N400_B_20180530_RNA,4062_RNA,M,2016,P37,N400,B,20180530,21,RNA,16S,yes,rhizosphere,LAMPS_2018,4062_RNA
4063_M_2016_P39_N0_A_20180530_RNA,4063_RNA,M,2016,P39,N0,A,20180530,21,RNA,16S,yes,rhizosphere,LAMPS_2018,4063_RNA
4064_M_2016_P39_N0_B_20180530_RNA,4064_RNA,M,2016,P39,N0,B,20180530,21,RNA,16S,yes,rhizosphere,LAMPS_2018,4064_RNA
4065_M_2016_P40_N200_A_20180530_RNA,4065_RNA,M,2016,P40,N200,A,20180530,21,RNA,16S,yes,rhizosphere,LAMPS_2018,4065_RNA
4066_M_2016_P40_N200_B_20180530_RNA,4066_RNA,M,2016,P40,N200,B,20180530,21,RNA,16S,yes,rhizosphere,LAMPS_2018,4066_RNA
4067_M_2015_P43_N200_A_20180530_RNA,4067_RNA,M,2015,P43,N200,A,20180530,21,RNA,16S,yes,rhizosphere,LAMPS_2018,4067_RNA
4068_M_2015_P43_N200_B_20180530_RNA,4068_RNA,M,2015,P43,N200,B,20180530,21,RNA,16S,yes,rhizosphere,LAMPS_2018,4068_RNA
4069_M_2015_P44_N0_A_20180530_RNA,4069_RNA,M,2015,P44,N0,A,20180530,21,RNA,16S,yes,rhizosphere,LAMPS_2018,4069_RNA
4070_M_2015_P44_N0_B_20180530_RNA,4070_RNA,M,2015,P44,N0,B,20180530,21,RNA,16S,yes,rhizosphere,LAMPS_2018,4070_RNA
4071_M_2015_P45_N400_A_20180530_RNA,4071_RNA,M,2015,P45,N400,A,20180530,21,RNA,16S,yes,rhizosphere,LAMPS_2018,4071_RNA
4072_M_2015_P45_N400_B_20180530_RNA,4072_RNA,M,2015,P45,N400,B,20180530,21,RNA,16S,yes,rhizosphere,LAMPS_2018,4072_RNA
4073_C_2018_P33_N200_A_20180530_RNA,4073_RNA,C,2018,P33,N200,A,20180530,21,RNA,16S,yes,rhizosphere,LAMPS_2018,4073_RNA
4074_C_2018_P33_N200_B_20180530_RNA,4074_RNA,C,2018,P33,N200,B,20180530,21,RNA,16S,yes,rhizosphere,LAMPS_2018,4074_RNA
4075_C_2018_P34_N300_A_20180530_RNA,4075_RNA,C,2018,P34,N300,A,20180530,21,RNA,16S,yes,rhizosphere,LAMPS_2018,4075_RNA
4076_C_2018_P34_N300_B_20180530_RNA,4076_RNA,C,2018,P34,N300,B,20180530,21,RNA,16S,yes,rhizosphere,LAMPS_2018,4076_RNA
4077_C_2018_P35_N0_A_20180530_RNA,4077_RNA,C,2018,P35,N0,A,20180530,21,RNA,16S,yes,rhizosphere,LAMPS_2018,4077_RNA
4078_C_2018_P35_N0_B_20180530_RNA,4078_RNA,C,2018,P35,N0,B,20180530,21,RNA,16S,yes,rhizosphere,LAMPS_2018,4078_RNA
4079_C_2018_P37_N300_A_20180530_RNA,4079_RNA,C,2018,P37,N300,A,20180530,21,RNA,16S,yes,rhizosphere,LAMPS_2018,4079_RNA
4080_C_2018_P37_N300_B_20180530_RNA,4080_RNA,C,2018,P37,N300,B,20180530,21,RNA,16S,yes,rhizosphere,LAMPS_2018,4080_RNA
4081_C_2018_P39_N0_A_20180530_RNA,4081_RNA,C,2018,P39,N0,A,20180530,21,RNA,16S,yes,rhizosphere,LAMPS_2018,4081_RNA
4082_C_2018_P39_N0_B_20180530_RNA,4082_RNA,C,2018,P39,N0,B,20180530,21,RNA,16S,yes,rhizosphere,LAMPS_2018,4082_RNA
4083_C_2018_P40_N200_A_20180530_RNA,4083_RNA,C,2018,P40,N200,A,20180530,21,RNA,16S,yes,rhizosphere,LAMPS_2018,4083_RNA
4084_C_2018_P40_N200_B_20180530_RNA,4084_RNA,C,2018,P40,N200,B,20180530,21,RNA,16S,yes,rhizosphere,LAMPS_2018,4084_RNA
4085_C_2018_P43_N200_A_20180530_RNA,4085_RNA,C,2018,P43,N200,A,20180530,21,RNA,16S,yes,rhizosphere,LAMPS_2018,4085_RNA
4086_C_2018_P43_N200_B_20180530_RNA,4086_RNA,C,2018,P43,N200,B,20180530,21,RNA,16S,yes,rhizosphere,LAMPS_2018,4086_RNA
4087_C_2018_P44_N0_A_20180530_RNA,4087_RNA,C,2018,P44,N0,A,20180530,21,RNA,16S,yes,rhizosphere,LAMPS_2018,4087_RNA
4088_C_2018_P44_N0_B_20180530_RNA,4088_RNA,C,2018,P44,N0,B,20180530,21,RNA,16S,yes,rhizosphere,LAMPS_2018,4088_RNA
4089_C_2018_P45_N300_A_20180530_RNA,4089_RNA,C,2018,P45,N300,A,20180530,21,RNA,16S,yes,rhizosphere,LAMPS_2018,4089_RNA
4090_C_2018_P45_N300_B_20180530_RNA,4090_RNA,C,2018,P45,N300,B,20180530,21,RNA,16S,yes,rhizosphere,LAMPS_2018,4090_RNA
4091_M_2017_P46_N0_A_20180530_RNA,4091_RNA,M,2017,P46,N0,A,20180530,21,RNA,16S,yes,rhizosphere,LAMPS_2018,4091_RNA
4092_M_2017_P46_N0_B_20180530_RNA,4092_RNA,M,2017,P46,N0,B,20180530,21,RNA,16S,yes,rhizosphere,LAMPS_2018,4092_RNA
4093_M_2017_P48_N400_A_20180530_RNA,4093_RNA,M,2017,P48,N400,A,20180530,21,RNA,16S,yes,rhizosphere,LAMPS_2018,4093_RNA
4094_M_2017_P48_N400_B_20180530_RNA,4094_RNA,M,2017,P48,N400,B,20180530,21,RNA,16S,yes,rhizosphere,LAMPS_2018,4094_RNA
4095_M_2017_P50_N200_A_20180530_RNA,4095_RNA,M,2017,P50,N200,A,20180530,21,RNA,16S,yes,rhizosphere,LAMPS_2018,4095_RNA
4096_M_2017_P50_N200_B_20180530_RNA,4096_RNA,M,2017,P50,N200,B,20180530,21,RNA,16S,yes,rhizosphere,LAMPS_2018,4096_RNA
4097_M_2015_P53_N400_A_20180530_RNA,4097_RNA,M,2015,P53,N400,A,20180530,21,RNA,16S,yes,rhizosphere,LAMPS_2018,4097_RNA
4098_M_2015_P53_N400_B_20180530_RNA,4098_RNA,M,2015,P53,N400,B,20180530,21,RNA,16S,yes,rhizosphere,LAMPS_2018,4098_RNA
4099_M_2015_P54_N200_A_20180530_RNA,4099_RNA,M,2015,P54,N200,A,20180530,21,RNA,16S,yes,rhizosphere,LAMPS_2018,4099_RNA
4100_M_2015_P54_N200_B_20180530_RNA,4100_RNA,M,2015,P54,N200,B,20180530,21,RNA,16S,yes,rhizosphere,LAMPS_2018,4100_RNA
4101_M_2015_P55_N0_A_20180530_RNA,4101_RNA,M,2015,P55,N0,A,20180530,21,RNA,16S,yes,rhizosphere,LAMPS_2018,4101_RNA
4102_M_2015_P55_N0_B_20180530_RNA,4102_RNA,M,2015,P55,N0,B,20180530,21,RNA,16S,yes,rhizosphere,LAMPS_2018,4102_RNA
4103_M_2016_P56_N0_A_20180530_RNA,4103_RNA,M,2016,P56,N0,A,20180530,21,RNA,16S,yes,rhizosphere,LAMPS_2018,4103_RNA
4104_M_2016_P56_N0_B_20180530_RNA,4104_RNA,M,2016,P56,N0,B,20180530,21,RNA,16S,yes,rhizosphere,LAMPS_2018,4104_RNA
4105_M_2016_P58_N400_A_20180530_RNA,4105_RNA,M,2016,P58,N400,A,20180530,21,RNA,16S,yes,rhizosphere,LAMPS_2018,4105_RNA
4106_M_2016_P58_N400_B_20180530_RNA,4106_RNA,M,2016,P58,N400,B,20180530,21,RNA,16S,yes,rhizosphere,LAMPS_2018,4106_RNA
4107_M_2016_P60_N200_A_20180530_RNA,4107_RNA,M,2016,P60,N200,A,20180530,21,RNA,16S,yes,rhizosphere,LAMPS_2018,4107_RNA
4108_M_2016_P60_N200_B_20180530_RNA,4108_RNA,M,2016,P60,N200,B,20180530,21,RNA,16S,yes,rhizosphere,LAMPS_2018,4108_RNA
5001_C_2018_P3_N300_A_20180703_RNA,5001_RNA,C,2018,P3,N300,A,20180703,69,RNA,16S,yes,rhizosphere,LAMPS_2018,5001_RNA
5002_C_2018_P3_N300_B_20180703_RNA,5002_RNA,C,2018,P3,N300,B,20180703,69,RNA,16S,yes,rhizosphere,LAMPS_2018,5002_RNA
5003_C_2018_P4_N0_A_20180703_RNA,5003_RNA,C,2018,P4,N0,A,20180703,69,RNA,16S,yes,rhizosphere,LAMPS_2018,5003_RNA
5004_C_2018_P4_N0_B_20180703_RNA,5004_RNA,C,2018,P4,N0,B,20180703,69,RNA,16S,yes,rhizosphere,LAMPS_2018,5004_RNA
5005_C_2018_P5_N200_A_20180703_RNA,5005_RNA,C,2018,P5,N200,A,20180703,69,RNA,16S,yes,rhizosphere,LAMPS_2018,5005_RNA
5006_C_2018_P5_N200_B_20180703_RNA,5006_RNA,C,2018,P5,N200,B,20180703,69,RNA,16S,yes,rhizosphere,LAMPS_2018,5006_RNA
5007_C_2018_P6_N300_A_20180703_RNA,5007_RNA,C,2018,P6,N300,A,20180703,69,RNA,16S,yes,rhizosphere,LAMPS_2018,5007_RNA
5008_C_2018_P6_N300_B_20180703_RNA,5008_RNA,C,2018,P6,N300,B,20180703,69,RNA,16S,yes,rhizosphere,LAMPS_2018,5008_RNA
5009_C_2018_P7_N0_A_20180703_RNA,5009_RNA,C,2018,P7,N0,A,20180703,69,RNA,16S,yes,rhizosphere,LAMPS_2018,5009_RNA
5010_C_2018_P7_N0_B_20180703_RNA,5010_RNA,C,2018,P7,N0,B,20180703,69,RNA,16S,yes,rhizosphere,LAMPS_2018,5010_RNA
5011_C_2018_P9_N200_A_20180703_RNA,5011_RNA,C,2018,P9,N200,A,20180703,69,RNA,16S,yes,rhizosphere,LAMPS_2018,5011_RNA
5012_C_2018_P9_N200_B_20180703_RNA,5012_RNA,C,2018,P9,N200,B,20180703,69,RNA,16S,yes,rhizosphere,LAMPS_2018,5012_RNA
5013_C_2018_P12_N200_A_20180703_RNA,5013_RNA,C,2018,P12,N200,A,20180703,69,RNA,16S,yes,rhizosphere,LAMPS_2018,5013_RNA
5015_C_2018_P13_N300_A_20180703_RNA,5015_RNA,C,2018,P13,N300,A,20180703,69,RNA,16S,yes,rhizosphere,LAMPS_2018,5015_RNA
5016_C_2018_P13_N300_B_20180703_RNA,5016_RNA,C,2018,P13,N300,B,20180703,69,RNA,16S,yes,rhizosphere,LAMPS_2018,5016_RNA
5017_C_2018_P14_N0_A_20180703_RNA,5017_RNA,C,2018,P14,N0,A,20180703,69,RNA,16S,yes,rhizosphere,LAMPS_2018,5017_RNA
5018_C_2018_P14_N0_B_20180703_RNA,5018_RNA,C,2018,P14,N0,B,20180703,69,RNA,16S,yes,rhizosphere,LAMPS_2018,5018_RNA
5019_M_2015_P3_N400_A_20180703_RNA,5019_RNA,M,2015,P3,N400,A,20180703,69,RNA,16S,yes,rhizosphere,LAMPS_2018,5019_RNA
5020_M_2015_P3_N400_B_20180703_RNA,5020_RNA,M,2015,P3,N400,B,20180703,69,RNA,16S,yes,rhizosphere,LAMPS_2018,5020_RNA
5021_M_2015_P4_N0_A_20180703_RNA,5021_RNA,M,2015,P4,N0,A,20180703,69,RNA,16S,yes,rhizosphere,LAMPS_2018,5021_RNA
5022_M_2015_P4_N0_B_20180703_RNA,5022_RNA,M,2015,P4,N0,B,20180703,69,RNA,16S,yes,rhizosphere,LAMPS_2018,5022_RNA
5023_M_2015_P5_N200_A_20180703_RNA,5023_RNA,M,2015,P5,N200,A,20180703,69,RNA,16S,yes,rhizosphere,LAMPS_2018,5023_RNA
5024_M_2015_P5_N200_B_20180703_RNA,5024_RNA,M,2015,P5,N200,B,20180703,69,RNA,16S,yes,rhizosphere,LAMPS_2018,5024_RNA
5025_M_2016_P6_N400_A_20180703_RNA,5025_RNA,M,2016,P6,N400,A,20180703,69,RNA,16S,yes,rhizosphere,LAMPS_2018,5025_RNA
5026_M_2016_P6_N400_B_20180703_RNA,5026_RNA,M,2016,P6,N400,B,20180703,69,RNA,16S,yes,rhizosphere,LAMPS_2018,5026_RNA
5027_M_2016_P7_N0_A_20180703_RNA,5027_RNA,M,2016,P7,N0,A,20180703,69,RNA,16S,yes,rhizosphere,LAMPS_2018,5027_RNA
5028_M_2016_P7_N0_B_20180703_RNA,5028_RNA,M,2016,P7,N0,B,20180703,69,RNA,16S,yes,rhizosphere,LAMPS_2018,5028_RNA
5029_M_2016_P9_N200_A_20180703_RNA,5029_RNA,M,2016,P9,N200,A,20180703,69,RNA,16S,yes,rhizosphere,LAMPS_2018,5029_RNA
5030_M_2016_P9_N200_B_20180703_RNA,5030_RNA,M,2016,P9,N200,B,20180703,69,RNA,16S,yes,rhizosphere,LAMPS_2018,5030_RNA
5031_M_2017_P12_N200_A_20180703_RNA,5031_RNA,M,2017,P12,N200,A,20180703,69,RNA,16S,yes,rhizosphere,LAMPS_2018,5031_RNA
5032_M_2017_P12_N200_B_20180703_RNA,5032_RNA,M,2017,P12,N200,B,20180703,69,RNA,16S,yes,rhizosphere,LAMPS_2018,5032_RNA
5033_M_2017_P13_N400_A_20180703_RNA,5033_RNA,M,2017,P13,N400,A,20180703,69,RNA,16S,yes,rhizosphere,LAMPS_2018,5033_RNA
5034_M_2017_P13_N400_B_20180703_RNA,5034_RNA,M,2017,P13,N400,B,20180703,69,RNA,16S,yes,rhizosphere,LAMPS_2018,5034_RNA
5035_M_2017_P14_N0_A_20180703_RNA,5035_RNA,M,2017,P14,N0,A,20180703,69,RNA,16S,yes,rhizosphere,LAMPS_2018,5035_RNA
5036_M_2017_P14_N0_B_20180703_RNA,5036_RNA,M,2017,P14,N0,B,20180703,69,RNA,16S,yes,rhizosphere,LAMPS_2018,5036_RNA
5037_M_2016_P17_N400_A_20180703_RNA,5037_RNA,M,2016,P17,N400,A,20180703,69,RNA,16S,yes,rhizosphere,LAMPS_2018,5037_RNA
5038_M_2016_P17_N400_B_20180703_RNA,5038_RNA,M,2016,P17,N400,B,20180703,69,RNA,16S,yes,rhizosphere,LAMPS_2018,5038_RNA
5039_M_2016_P18_N200_A_20180703_RNA,5039_RNA,M,2016,P18,N200,A,20180703,69,RNA,16S,yes,rhizosphere,LAMPS_2018,5039_RNA
5040_M_2016_P18_N200_B_20180703_RNA,5040_RNA,M,2016,P18,N200,B,20180703,69,RNA,16S,yes,rhizosphere,LAMPS_2018,5040_RNA
5041_M_2016_P19_N0_A_20180703_RNA,5041_RNA,M,2016,P19,N0,A,20180703,69,RNA,16S,yes,rhizosphere,LAMPS_2018,5041_RNA
5042_M_2016_P19_N0_B_20180703_RNA,5042_RNA,M,2016,P19,N0,B,20180703,69,RNA,16S,yes,rhizosphere,LAMPS_2018,5042_RNA
5043_M_2017_P22_N400_A_20180703_RNA,5043_RNA,M,2017,P22,N400,A,20180703,69,RNA,16S,yes,rhizosphere,LAMPS_2018,5043_RNA
5044_M_2017_P22_N400_B_20180703_RNA,5044_RNA,M,2017,P22,N400,B,20180703,69,RNA,16S,yes,rhizosphere,LAMPS_2018,5044_RNA
5045_M_2017_P24_N0_A_20180703_RNA,5045_RNA,M,2017,P24,N0,A,20180703,69,RNA,16S,yes,rhizosphere,LAMPS_2018,5045_RNA
5046_M_2017_P24_N0_B_20180703_RNA,5046_RNA,M,2017,P24,N0,B,20180703,69,RNA,16S,yes,rhizosphere,LAMPS_2018,5046_RNA
5047_M_2017_P25_N200_A_20180703_RNA,5047_RNA,M,2017,P25,N200,A,20180703,69,RNA,16S,yes,rhizosphere,LAMPS_2018,5047_RNA
5048_M_2017_P25_N200_B_20180703_RNA,5048_RNA,M,2017,P25,N200,B,20180703,69,RNA,16S,yes,rhizosphere,LAMPS_2018,5048_RNA
5049_M_2015_P27_N400_A_20180703_RNA,5049_RNA,M,2015,P27,N400,A,20180703,69,RNA,16S,yes,rhizosphere,LAMPS_2018,5049_RNA
5050_M_2015_P27_N400_B_20180703_RNA,5050_RNA,M,2015,P27,N400,B,20180703,69,RNA,16S,yes,rhizosphere,LAMPS_2018,5050_RNA
5051_M_2015_P28_N0_A_20180703_RNA,5051_RNA,M,2015,P28,N0,A,20180703,69,RNA,16S,yes,rhizosphere,LAMPS_2018,5051_RNA
5052_M_2015_P28_N0_B_20180703_RNA,5052_RNA,M,2015,P28,N0,B,20180703,69,RNA,16S,yes,rhizosphere,LAMPS_2018,5052_RNA
5053_M_2015_P30_N200_A_20180703_RNA,5053_RNA,M,2015,P30,N200,A,20180703,69,RNA,16S,yes,rhizosphere,LAMPS_2018,5053_RNA
5054_M_2015_P30_N200_B_20180703_RNA,5054_RNA,M,2015,P30,N200,B,20180703,69,RNA,16S,yes,rhizosphere,LAMPS_2018,5054_RNA
5055_M_2017_P33_N200_A_20180703_RNA,5055_RNA,M,2017,P33,N200,A,20180703,69,RNA,16S,yes,rhizosphere,LAMPS_2018,5055_RNA
5056_M_2017_P33_N200_B_20180703_RNA,5056_RNA,M,2017,P33,N200,B,20180703,69,RNA,16S,yes,rhizosphere,LAMPS_2018,5056_RNA
5057_M_2017_P34_N400_A_20180703_RNA,5057_RNA,M,2017,P34,N400,A,20180703,69,RNA,16S,yes,rhizosphere,LAMPS_2018,5057_RNA
5058_M_2017_P34_N400_B_20180703_RNA,5058_RNA,M,2017,P34,N400,B,20180703,69,RNA,16S,yes,rhizosphere,LAMPS_2018,5058_RNA
5059_M_2017_P35_N0_A_20180703_RNA,5059_RNA,M,2017,P35,N0,A,20180703,69,RNA,16S,yes,rhizosphere,LAMPS_2018,5059_RNA
5060_M_2017_P35_N0_B_20180703_RNA,5060_RNA,M,2017,P35,N0,B,20180703,69,RNA,16S,yes,rhizosphere,LAMPS_2018,5060_RNA
5061_M_2016_P37_N400_A_20180703_RNA,5061_RNA,M,2016,P37,N400,A,20180703,69,RNA,16S,yes,rhizosphere,LAMPS_2018,5061_RNA
5062_M_2016_P37_N400_B_20180703_RNA,5062_RNA,M,2016,P37,N400,B,20180703,69,RNA,16S,yes,rhizosphere,LAMPS_2018,5062_RNA
5063_M_2016_P39_N0_A_20180703_RNA,5063_RNA,M,2016,P39,N0,A,20180703,69,RNA,16S,yes,rhizosphere,LAMPS_2018,5063_RNA
5064_M_2016_P39_N0_B_20180703_RNA,5064_RNA,M,2016,P39,N0,B,20180703,69,RNA,16S,yes,rhizosphere,LAMPS_2018,5064_RNA
5065_M_2016_P40_N200_A_20180703_RNA,5065_RNA,M,2016,P40,N200,A,20180703,69,RNA,16S,yes,rhizosphere,LAMPS_2018,5065_RNA
5066_M_2016_P40_N200_B_20180703_RNA,5066_RNA,M,2016,P40,N200,B,20180703,69,RNA,16S,yes,rhizosphere,LAMPS_2018,5066_RNA
5067_M_2015_P43_N200_A_20180703_RNA,5067_RNA,M,2015,P43,N200,A,20180703,69,RNA,16S,yes,rhizosphere,LAMPS_2018,5067_RNA
5068_M_2015_P43_N200_B_20180703_RNA,5068_RNA,M,2015,P43,N200,B,20180703,69,RNA,16S,yes,rhizosphere,LAMPS_2018,5068_RNA
5069_M_2015_P44_N0_A_20180703_RNA,5069_RNA,M,2015,P44,N0,A,20180703,69,RNA,16S,yes,rhizosphere,LAMPS_2018,5069_RNA
5070_M_2015_P44_N0_B_20180703_RNA,5070_RNA,M,2015,P44,N0,B,20180703,69,RNA,16S,yes,rhizosphere,LAMPS_2018,5070_RNA
5071_M_2015_P45_N400_A_20180703_RNA,5071_RNA,M,2015,P45,N400,A,20180703,69,RNA,16S,yes,rhizosphere,LAMPS_2018,5071_RNA
5072_M_2015_P45_N400_B_20180703_RNA,5072_RNA,M,2015,P45,N400,B,20180703,69,RNA,16S,yes,rhizosphere,LAMPS_2018,5072_RNA
5073_C_2018_P33_N200_A_20180703_RNA,5073_RNA,C,2018,P33,N200,A,20180703,69,RNA,16S,yes,rhizosphere,LAMPS_2018,5073_RNA
5074_C_2018_P33_N200_B_20180703_RNA,5074_RNA,C,2018,P33,N200,B,20180703,69,RNA,16S,yes,rhizosphere,LAMPS_2018,5074_RNA
5075_C_2018_P34_N300_A_20180703_RNA,5075_RNA,C,2018,P34,N300,A,20180703,69,RNA,16S,yes,rhizosphere,LAMPS_2018,5075_RNA
5076_C_2018_P34_N300_B_20180703_RNA,5076_RNA,C,2018,P34,N300,B,20180703,69,RNA,16S,yes,rhizosphere,LAMPS_2018,5076_RNA
5077_C_2018_P35_N0_A_20180703_RNA,5077_RNA,C,2018,P35,N0,A,20180703,69,RNA,16S,yes,rhizosphere,LAMPS_2018,5077_RNA
5078_C_2018_P35_N0_B_20180703_RNA,5078_RNA,C,2018,P35,N0,B,20180703,69,RNA,16S,yes,rhizosphere,LAMPS_2018,5078_RNA
5079_C_2018_P37_N300_A_20180703_RNA,5079_RNA,C,2018,P37,N300,A,20180703,69,RNA,16S,yes,rhizosphere,LAMPS_2018,5079_RNA
5080_C_2018_P37_N300_B_20180703_RNA,5080_RNA,C,2018,P37,N300,B,20180703,69,RNA,16S,yes,rhizosphere,LAMPS_2018,5080_RNA
5081_C_2018_P39_N0_A_20180703_RNA,5081_RNA,C,2018,P39,N0,A,20180703,69,RNA,16S,yes,rhizosphere,LAMPS_2018,5081_RNA
5082_C_2018_P39_N0_B_20180703_RNA,5082_RNA,C,2018,P39,N0,B,20180703,69,RNA,16S,yes,rhizosphere,LAMPS_2018,5082_RNA
5083_C_2018_P40_N200_A_20180703_RNA,5083_RNA,C,2018,P40,N200,A,20180703,69,RNA,16S,yes,rhizosphere,LAMPS_2018,5083_RNA
5084_C_2018_P40_N200_B_20180703_RNA,5084_RNA,C,2018,P40,N200,B,20180703,69,RNA,16S,yes,rhizosphere,LAMPS_2018,5084_RNA
5085_C_2018_P43_N200_A_20180703_RNA,5085_RNA,C,2018,P43,N200,A,20180703,69,RNA,16S,yes,rhizosphere,LAMPS_2018,5085_RNA
5086_C_2018_P43_N200_B_20180703_RNA,5086_RNA,C,2018,P43,N200,B,20180703,69,RNA,16S,yes,rhizosphere,LAMPS_2018,5086_RNA
5087_C_2018_P44_N0_A_20180703_RNA,5087_RNA,C,2018,P44,N0,A,20180703,69,RNA,16S,yes,rhizosphere,LAMPS_2018,5087_RNA
5088_C_2018_P44_N0_B_20180703_RNA,5088_RNA,C,2018,P44,N0,B,20180703,69,RNA,16S,yes,rhizosphere,LAMPS_2018,5088_RNA
5089_C_2018_P45_N300_A_20180703_RNA,5089_RNA,C,2018,P45,N300,A,20180703,69,RNA,16S,yes,rhizosphere,LAMPS_2018,5089_RNA
5090_C_2018_P45_N300_B_20180703_RNA,5090_RNA,C,2018,P45,N300,B,20180703,69,RNA,16S,yes,rhizosphere,LAMPS_2018,5090_RNA
5091_M_2017_P46_N0_A_20180703_RNA,5091_RNA,M,2017,P46,N0,A,20180703,69,RNA,16S,yes,rhizosphere,LAMPS_2018,5091_RNA
5092_M_2017_P46_N0_B_20180703_RNA,5092_RNA,M,2017,P46,N0,B,20180703,69,RNA,16S,yes,rhizosphere,LAMPS_2018,5092_RNA
5093_M_2017_P48_N400_A_20180703_RNA,5093_RNA,M,2017,P48,N400,A,20180703,69,RNA,16S,yes,rhizosphere,LAMPS_2018,5093_RNA
5094_M_2017_P48_N400_B_20180703_RNA,5094_RNA,M,2017,P48,N400,B,20180703,69,RNA,16S,yes,rhizosphere,LAMPS_2018,5094_RNA
5095_M_2017_P50_N200_A_20180703_RNA,5095_RNA,M,2017,P50,N200,A,20180703,69,RNA,16S,yes,rhizosphere,LAMPS_2018,5095_RNA
5096_M_2017_P50_N200_B_20180703_RNA,5096_RNA,M,2017,P50,N200,B,20180703,69,RNA,16S,yes,rhizosphere,LAMPS_2018,5096_RNA
5097_M_2015_P53_N400_A_20180703_RNA,5097_RNA,M,2015,P53,N400,A,20180703,69,RNA,16S,yes,rhizosphere,LAMPS_2018,5097_RNA
5098_M_2015_P53_N400_B_20180703_RNA,5098_RNA,M,2015,P53,N400,B,20180703,69,RNA,16S,yes,rhizosphere,LAMPS_2018,5098_RNA
5099_M_2015_P54_N200_A_20180703_RNA,5099_RNA,M,2015,P54,N200,A,20180703,69,RNA,16S,yes,rhizosphere,LAMPS_2018,5099_RNA
5100_M_2015_P54_N200_B_20180703_RNA,5100_RNA,M,2015,P54,N200,B,20180703,69,RNA,16S,yes,rhizosphere,LAMPS_2018,5100_RNA
5101_M_2015_P55_N0_A_20180703_RNA,5101_RNA,M,2015,P55,N0,A,20180703,69,RNA,16S,yes,rhizosphere,LAMPS_2018,5101_RNA
5102_M_2015_P55_N0_B_20180703_RNA,5102_RNA,M,2015,P55,N0,B,20180703,69,RNA,16S,yes,rhizosphere,LAMPS_2018,5102_RNA
5103_M_2016_P56_N0_A_20180703_RNA,5103_RNA,M,2016,P56,N0,A,20180703,69,RNA,16S,yes,rhizosphere,LAMPS_2018,5103_RNA
5104_M_2016_P56_N0_B_20180703_RNA,5104_RNA,M,2016,P56,N0,B,20180703,69,RNA,16S,yes,rhizosphere,LAMPS_2018,5104_RNA
5105_M_2016_P58_N400_A_20180703_RNA,5105_RNA,M,2016,P58,N400,A,20180703,69,RNA,16S,yes,rhizosphere,LAMPS_2018,5105_RNA
5106_M_2016_P58_N400_B_20180703_RNA,5106_RNA,M,2016,P58,N400,B,20180703,69,RNA,16S,yes,rhizosphere,LAMPS_2018,5106_RNA
5107_M_2016_P60_N200_A_20180703_RNA,5107_RNA,M,2016,P60,N200,A,20180703,69,RNA,16S,yes,rhizosphere,LAMPS_2018,5107_RNA
5108_M_2016_P60_N200_B_20180703_RNA,5108_RNA,M,2016,P60,N200,B,20180703,69,RNA,16S,yes,rhizosphere,LAMPS_2018,5108_RNA
